ds,dengue_cases,tempmax,tempmin,temp,humidity,precip,precipcover,google_trends,population
2012-01-02,74,31.65,25.450000000000003,27.75,84.15,0.2605,2.085,9,5300000
2012-01-09,64,30.285714285714285,24.957142857142856,27.071428571428573,81.60000000000001,3.633714285714286,5.952857142857143,9,5300000
2012-01-16,60,30.557142857142857,24.357142857142858,27.142857142857142,82.7,3.050285714285714,5.952857142857143,9,5300000
2012-01-23,50,31.642857142857142,24.657142857142855,27.014285714285712,85.14285714285714,4.107,5.952857142857143,9,5300000
2012-01-30,84,30.942857142857143,24.642857142857142,27.3,79.2,0.44657142857142856,1.1914285714285715,9,5300000
2012-02-06,87,30.071428571428573,24.328571428571426,26.814285714285713,84.78571428571429,7.081142857142857,4.1657142857142855,10,5300000
2012-02-13,65,32.2,24.885714285714283,27.785714285714285,78.48571428571428,0.6201428571428572,0.5957142857142858,10,5300000
2012-02-20,50,31.442857142857143,24.771428571428572,27.014285714285712,84.32857142857142,4.2415714285714285,3.5728571428571425,10,5300000
2012-02-27,55,32.1,25.657142857142855,28.228571428571428,80.48571428571428,0.31599999999999995,2.9771428571428573,10,5300000
2012-03-05,45,31.342857142857145,25.014285714285712,27.485714285714288,83.39999999999999,7.058571428571429,6.547142857142857,11,5300000
2012-03-12,64,30.557142857142857,24.928571428571427,27.385714285714283,82.78571428571429,2.8682857142857148,7.142857142857143,11,5300000
2012-03-19,72,31.214285714285715,24.75714285714286,27.24285714285714,83.22857142857143,9.343714285714286,5.357142857142857,11,5300000
2012-03-26,48,32.08571428571428,25.142857142857142,27.82857142857143,83.21428571428571,0.8681428571428571,2.9771428571428573,11,5300000
2012-04-02,52,31.785714285714285,24.442857142857143,27.542857142857144,81.58571428571429,12.144714285714286,4.762857142857143,10,5300000
2012-04-09,81,31.585714285714285,24.8,27.514285714285712,83.2,6.970142857142856,3.5714285714285716,10,5300000
2012-04-16,77,31.714285714285715,25.099999999999998,27.75714285714286,84.12857142857142,15.850714285714286,6.545714285714285,10,5300000
2012-04-23,64,31.557142857142853,25.314285714285713,28.071428571428573,82.18571428571428,5.728714285714285,5.357142857142857,10,5300000
2012-04-30,86,32.714285714285715,25.97142857142857,28.900000000000002,79.14285714285714,0.9790000000000001,4.762857142857143,10,5300000
2012-05-07,96,31.32857142857143,24.571428571428573,27.82857142857143,83.05714285714285,15.833857142857143,5.357142857142857,11,5300000
2012-05-14,80,33.142857142857146,25.114285714285717,28.814285714285713,78.57142857142857,5.5768571428571425,4.761428571428572,11,5300000
2012-05-21,80,32.32857142857143,25.814285714285713,28.928571428571427,79.71428571428571,6.461714285714286,2.9757142857142855,11,5300000
2012-05-28,81,31.5,25.571428571428573,28.614285714285717,79.38571428571429,5.040142857142857,3.5714285714285716,11,5300000
2012-06-04,99,31.842857142857145,26.24285714285714,28.657142857142855,81.25714285714285,5.153999999999999,3.5714285714285716,13,5300000
2012-06-11,87,31.942857142857143,26.271428571428572,29.042857142857144,77.0,4.673285714285714,3.5728571428571434,13,5300000
2012-06-18,128,32.699999999999996,26.97142857142857,29.814285714285713,72.84285714285714,0.0,0.0,13,5300000
2012-06-25,151,32.357142857142854,26.642857142857142,29.085714285714285,76.3,0.124,0.5957142857142858,13,5300000
2012-07-02,140,31.271428571428572,26.32857142857143,28.514285714285712,77.2,2.6957142857142853,2.9771428571428573,14,5300000
2012-07-09,131,30.285714285714285,24.985714285714288,27.614285714285717,81.41428571428571,7.738999999999999,7.142857142857143,14,5300000
2012-07-16,124,30.37142857142857,25.82857142857143,27.557142857142857,82.64285714285714,5.184142857142858,4.762857142857143,14,5300000
2012-07-23,110,31.25714285714286,25.614285714285717,28.114285714285717,79.45714285714287,2.8535714285714286,4.167142857142857,14,5300000
2012-07-30,94,32.15714285714286,26.32857142857143,29.02857142857143,73.67142857142858,0.024857142857142855,0.5957142857142858,14,5300000
2012-08-06,127,30.885714285714283,26.142857142857142,28.285714285714285,78.28571428571429,2.900857142857143,2.9771428571428573,10,5300000
2012-08-13,115,32.028571428571425,26.17142857142857,28.900000000000002,73.85714285714286,0.0,0.0,10,5300000
2012-08-20,92,31.542857142857144,26.014285714285712,28.557142857142857,76.35714285714286,3.8445714285714283,2.9757142857142855,10,5300000
2012-08-27,102,30.957142857142856,25.614285714285717,28.042857142857144,78.8,5.976428571428571,1.7871428571428571,10,5300000
2012-09-03,75,30.471428571428568,25.657142857142855,27.82857142857143,80.85714285714286,2.0094285714285713,4.1657142857142855,11,5300000
2012-09-10,73,30.985714285714288,24.8,27.442857142857143,81.3,8.259428571428572,4.761428571428572,11,5300000
2012-09-17,72,31.67142857142857,26.3,28.714285714285715,74.97142857142856,0.248,0.5957142857142858,11,5300000
2012-09-24,99,32.471428571428575,25.928571428571427,28.728571428571428,76.97142857142856,0.0,0.0,11,5300000
2012-10-01,103,32.285714285714285,24.842857142857145,28.3,77.32857142857142,4.933857142857143,5.357142857142857,13,5300000
2012-10-08,122,32.31428571428571,25.942857142857143,28.75714285714286,75.22857142857143,2.1084285714285715,1.1914285714285715,13,5300000
2012-10-15,105,32.24285714285714,25.37142857142857,27.97142857142857,80.21428571428571,5.001,4.1657142857142855,13,5300000
2012-10-22,84,31.199999999999996,24.91428571428571,27.042857142857144,84.77142857142857,6.944857142857143,10.712857142857143,13,5300000
2012-10-29,104,33.48571428571429,26.0,29.285714285714285,72.65714285714286,0.0,0.0,13,5300000
2012-11-05,99,31.157142857142855,24.75714285714286,27.2,81.64285714285714,4.705571428571429,10.120000000000001,11,5300000
2012-11-12,87,31.585714285714285,25.385714285714283,27.542857142857144,83.0,6.097857142857143,5.357142857142857,11,5300000
2012-11-19,99,31.8,25.114285714285717,27.52857142857143,83.61428571428571,2.8564285714285718,5.357142857142857,11,5300000
2012-11-26,80,31.657142857142855,25.014285714285712,27.585714285714285,82.71428571428571,12.75542857142857,5.952857142857143,11,5300000
2012-12-03,78,31.457142857142856,25.02857142857143,27.614285714285717,83.44285714285715,7.652285714285715,6.548571428571428,10,5300000
2012-12-10,104,31.785714285714285,25.142857142857142,27.599999999999998,81.18571428571428,3.479142857142857,5.357142857142857,10,5300000
2012-12-17,92,31.057142857142857,24.414285714285715,26.74285714285714,86.58571428571429,15.382,15.474285714285713,10,5300000
2012-12-24,111,31.114285714285717,24.7,27.099999999999998,84.37142857142858,8.009,8.334285714285715,10,5300000
2013-01-07,132,32.542857142857144,24.914285714285715,27.97142857142857,79.47142857142856,11.342857142857142,3.5714285714285716,15,5330000
2013-01-14,204,31.885714285714283,25.12857142857143,27.5,80.17142857142858,11.073142857142857,4.167142857142857,15,5330000
2013-01-21,219,29.75714285714286,24.657142857142855,26.67142857142857,81.77142857142857,17.313142857142857,12.5,15,5330000
2013-01-28,264,30.87142857142857,24.97142857142857,27.457142857142856,78.04285714285713,0.5281428571428571,1.7857142857142858,15,5330000
2013-02-04,292,31.142857142857142,25.2,27.685714285714287,78.3,5.520714285714285,4.1657142857142855,21,5330000
2013-02-11,322,29.87142857142857,24.257142857142856,26.314285714285713,87.74285714285713,15.031428571428572,12.5,21,5330000
2013-02-18,246,29.47142857142857,24.385714285714283,26.142857142857142,87.48571428571428,13.78842857142857,9.522857142857143,21,5330000
2013-02-25,294,31.185714285714287,24.928571428571427,27.671428571428574,78.15714285714286,6.849142857142857,4.761428571428572,21,5330000
2013-03-04,247,32.48571428571429,25.414285714285715,28.142857142857142,81.12857142857142,8.035428571428572,7.142857142857143,19,5330000
2013-03-11,272,32.142857142857146,25.87142857142857,28.157142857142855,77.97142857142856,0.5559999999999999,2.3814285714285717,19,5330000
2013-03-18,307,33.114285714285714,25.514285714285712,28.428571428571427,76.94285714285715,1.4344285714285712,1.7857142857142858,19,5330000
2013-03-25,305,33.2,26.32857142857143,28.885714285714283,76.57142857142857,3.720714285714286,1.19,19,5330000
2013-04-01,314,33.385714285714286,26.314285714285713,28.957142857142856,79.7,4.700428571428572,3.5728571428571425,49,5330000
2013-04-08,402,33.042857142857144,26.557142857142857,28.842857142857145,80.01428571428572,7.356571428571428,4.764285714285714,49,5330000
2013-04-15,491,32.642857142857146,25.585714285714285,28.685714285714287,78.32857142857142,2.2094285714285715,3.5714285714285716,49,5330000
2013-04-22,505,32.9,25.400000000000002,28.914285714285715,78.54285714285713,3.4675714285714285,5.951428571428571,49,5330000
2013-04-29,536,31.87142857142857,25.75714285714286,28.228571428571428,82.3,4.523571428571429,5.951428571428571,49,5330000
2013-05-06,547,31.914285714285715,26.62857142857143,28.714285714285715,82.15714285714286,1.2321428571428572,4.167142857142857,49,5330000
2013-05-13,556,32.714285714285715,26.114285714285717,28.75714285714286,81.95714285714287,10.873285714285714,5.951428571428571,49,5330000
2013-05-20,611,32.74285714285714,26.414285714285715,29.085714285714285,78.12857142857142,5.897428571428572,5.358571428571429,49,5330000
2013-05-27,637,32.17142857142857,25.685714285714283,28.385714285714283,81.64285714285714,4.060428571428572,4.1657142857142855,49,5330000
2013-06-03,742,32.6,25.357142857142858,28.228571428571428,80.8,7.868285714285714,5.951428571428571,100,5330000
2013-06-10,813,32.957142857142856,25.414285714285715,28.385714285714283,80.48571428571428,4.516,4.168571428571428,100,5330000
2013-06-17,805,33.785714285714285,27.52857142857143,30.47142857142857,67.52857142857142,2.0907142857142857,1.7857142857142858,100,5330000
2013-06-24,838,34.57142857142857,27.5,30.728571428571428,62.57142857142857,0.0,0.0,100,5330000
2013-07-01,802,32.22857142857143,26.214285714285715,29.042857142857144,75.84285714285714,1.3548571428571428,2.9771428571428573,46,5330000
2013-07-08,676,31.571428571428573,26.3,28.557142857142857,76.87142857142858,3.603857142857143,4.761428571428572,46,5330000
2013-07-15,540,30.942857142857143,24.914285714285715,27.7,79.74285714285715,6.703142857142858,9.524285714285714,46,5330000
2013-07-22,389,31.97142857142857,25.985714285714288,28.32857142857143,77.91428571428571,5.667142857142856,4.761428571428572,46,5330000
2013-07-29,305,31.32857142857143,25.542857142857144,28.114285714285717,80.28571428571429,6.668857142857142,5.358571428571429,46,5330000
2013-08-05,288,30.928571428571427,24.771428571428572,28.12857142857143,77.35714285714286,8.315428571428571,4.761428571428572,29,5330000
2013-08-12,255,31.25714285714286,24.47142857142857,27.87142857142857,79.47142857142856,8.975428571428571,6.547142857142857,29,5330000
2013-08-19,378,31.099999999999998,25.471428571428568,28.17142857142857,78.51428571428572,0.5991428571428571,2.9757142857142855,29,5330000
2013-08-26,338,31.685714285714287,26.485714285714288,28.75714285714286,74.74285714285715,1.4547142857142856,3.5714285714285716,29,5330000
2013-09-02,382,32.07142857142857,25.8,28.32857142857143,78.14285714285714,1.3944285714285714,2.9757142857142855,27,5330000
2013-09-09,449,29.457142857142856,23.942857142857143,26.571428571428573,84.74285714285715,12.967571428571429,10.714285714285714,27,5330000
2013-09-16,337,30.32857142857143,25.342857142857145,27.67142857142857,80.77142857142857,5.414857142857143,5.951428571428572,27,5330000
2013-09-23,370,32.24285714285714,26.514285714285712,29.071428571428573,76.44285714285715,2.7285714285714286,1.19,27,5330000
2013-09-30,402,31.47142857142857,24.885714285714283,28.228571428571428,78.95714285714287,10.984428571428571,5.357142857142857,27,5330000
2013-10-07,439,32.1,24.885714285714283,28.514285714285712,74.44285714285715,1.1647142857142858,4.1657142857142855,34,5330000
2013-10-14,435,31.87142857142857,25.514285714285712,28.485714285714288,76.9,8.731428571428571,5.951428571428571,34,5330000
2013-10-21,371,31.87142857142857,25.12857142857143,28.3,79.52857142857144,21.352714285714285,5.952857142857143,34,5330000
2013-10-28,495,32.24285714285714,24.557142857142857,27.614285714285717,80.88571428571429,0.5532857142857143,1.7857142857142858,34,5330000
2013-11-04,457,31.842857142857145,25.17142857142857,27.47142857142857,83.88571428571429,10.964,4.168571428571428,34,5330000
2013-11-11,401,31.957142857142856,24.914285714285715,27.642857142857142,83.65714285714286,10.30642857142857,6.547142857142857,34,5330000
2013-11-18,442,30.614285714285717,24.54285714285714,27.057142857142857,84.98571428571428,3.7167142857142856,5.952857142857143,34,5330000
2013-11-25,365,31.857142857142858,24.857142857142858,28.0,81.44285714285715,4.236571428571429,7.738571428571428,34,5330000
2013-12-02,372,30.7,25.185714285714287,27.0,87.78571428571429,13.220857142857142,10.120000000000001,25,5330000
2013-12-09,347,30.271428571428572,24.014285714285712,26.285714285714285,88.75714285714285,20.488714285714284,8.334285714285715,25,5330000
2013-12-16,380,32.34285714285714,24.47142857142857,27.62857142857143,83.91428571428571,4.713285714285713,4.1657142857142855,25,5330000
2013-12-23,371,30.585714285714285,23.914285714285715,26.728571428571428,84.64285714285714,11.041714285714287,7.7371428571428575,25,5330000
2013-12-30,414,29.82857142857143,25.085714285714285,27.071428571428573,82.77142857142857,0.47128571428571425,2.382857142857143,25,5330000
2014-01-06,436,29.042857142857144,24.599999999999998,26.599999999999998,87.60000000000001,7.677142857142857,11.31,27,5360000
2014-01-13,479,30.585714285714285,24.67142857142857,27.02857142857143,83.7,3.224571428571429,1.7871428571428571,27,5360000
2014-01-20,401,29.228571428571428,24.25714285714286,26.385714285714283,75.74285714285715,0.0,0.0,27,5360000
2014-01-27,336,29.12857142857143,23.62857142857143,25.900000000000002,75.31428571428572,0.0,0.0,27,5360000
2014-02-03,234,30.74285714285714,23.24285714285714,26.342857142857145,72.0,0.0,0.0,25,5360000
2014-02-10,273,31.957142857142856,23.900000000000002,27.0,76.68571428571428,0.024857142857142855,0.5957142857142858,25,5360000
2014-02-17,369,31.8,25.342857142857145,27.857142857142858,76.04285714285713,0.0,0.0,25,5360000
2014-02-24,193,31.857142857142858,24.928571428571427,27.714285714285715,73.25714285714285,0.0,0.0,25,5360000
2014-03-03,186,32.114285714285714,24.61428571428571,27.657142857142855,72.78571428571429,0.0,0.0,20,5360000
2014-03-10,209,32.74285714285714,24.514285714285712,27.82857142857143,71.55714285714285,0.0,0.0,20,5360000
2014-03-17,224,32.0,25.114285714285717,27.900000000000002,77.01428571428572,7.119142857142857,3.5714285714285716,20,5360000
2014-03-24,210,32.31428571428571,25.185714285714287,27.814285714285713,79.0,0.9177142857142858,2.3814285714285717,20,5360000
2014-03-31,225,32.971428571428575,26.057142857142857,28.914285714285715,77.41428571428571,0.05442857142857143,1.1914285714285715,20,5360000
2014-04-07,240,32.128571428571426,26.014285714285712,28.714285714285715,77.08571428571429,4.072571428571428,2.9771428571428573,20,5360000
2014-04-14,244,32.614285714285714,25.24285714285714,28.157142857142855,79.44285714285715,2.228142857142857,5.355714285714286,20,5360000
2014-04-21,235,31.87142857142857,26.099999999999998,28.414285714285715,80.21428571428571,4.291428571428571,3.5714285714285716,20,5360000
2014-04-28,282,33.885714285714286,25.714285714285715,28.87142857142857,78.82857142857142,0.2977142857142857,1.7871428571428571,20,5360000
2014-05-05,251,33.08571428571428,26.457142857142856,29.37142857142857,77.98571428571428,2.3974285714285712,4.167142857142857,20,5360000
2014-05-12,261,33.1,26.47142857142857,29.071428571428573,79.14285714285714,3.9191428571428575,4.168571428571428,20,5360000
2014-05-19,291,31.714285714285715,25.814285714285713,28.714285714285715,78.92857142857143,7.462142857142857,5.3585714285714285,20,5360000
2014-05-26,427,32.642857142857146,25.857142857142858,28.485714285714288,80.71428571428571,1.3657142857142859,2.9757142857142855,20,5360000
2014-06-02,456,31.97142857142857,26.457142857142856,28.885714285714283,79.28571428571429,4.864428571428571,5.357142857142857,28,5360000
2014-06-09,458,31.642857142857142,26.485714285714288,28.771428571428572,81.45714285714287,2.597857142857143,7.142857142857143,28,5360000
2014-06-16,506,33.15714285714286,26.542857142857144,29.75714285714286,76.45714285714284,3.0901428571428573,4.167142857142857,28,5360000
2014-06-23,550,33.91428571428572,27.099999999999998,30.357142857142858,72.18571428571428,0.7194285714285714,1.7857142857142858,28,5360000
2014-06-30,671,32.1,26.099999999999998,29.099999999999998,75.58571428571429,0.372,1.1914285714285715,28,5360000
2014-07-07,888,31.614285714285717,26.042857142857144,28.714285714285715,79.39999999999999,3.1999999999999997,5.355714285714286,45,5360000
2014-07-14,818,31.942857142857143,25.7,28.771428571428572,77.82857142857142,6.513285714285714,5.357142857142857,45,5360000
2014-07-21,744,32.4,27.114285714285717,29.442857142857143,76.54285714285713,1.0665714285714285,1.1914285714285715,45,5360000
2014-07-28,633,32.84285714285714,26.814285714285713,29.74285714285714,74.21428571428571,3.472714285714286,0.5957142857142858,45,5360000
2014-08-04,484,31.5,25.914285714285715,28.52857142857143,79.04285714285713,5.878714285714286,4.167142857142857,34,5360000
2014-08-11,545,30.599999999999998,26.042857142857144,28.099999999999998,77.74285714285715,2.405857142857143,4.167142857142857,34,5360000
2014-08-18,438,30.014285714285712,25.385714285714283,27.571428571428573,79.85714285714286,6.920571428571428,5.951428571428571,34,5360000
2014-08-25,418,31.428571428571427,25.857142857142858,28.057142857142857,79.91428571428571,2.811,3.5714285714285716,34,5360000
2014-09-01,367,30.900000000000002,24.728571428571428,27.657142857142855,78.81428571428572,16.24742857142857,5.355714285714286,23,5360000
2014-09-08,339,32.05714285714286,25.2,28.47142857142857,76.04285714285713,1.2155714285714285,1.7857142857142858,23,5360000
2014-09-15,362,32.128571428571426,26.2,28.87142857142857,74.91428571428571,0.6201428571428572,1.7871428571428571,23,5360000
2014-09-22,396,32.44285714285714,26.285714285714285,29.057142857142857,73.77142857142857,3.8957142857142855,1.19,23,5360000
2014-09-29,344,32.42857142857143,26.014285714285712,28.957142857142856,73.91428571428571,4.030571428571428,2.9757142857142855,23,5360000
2014-10-06,339,32.15714285714286,25.928571428571427,28.97142857142857,73.04285714285714,0.7441428571428571,1.19,20,5360000
2014-10-13,278,32.785714285714285,27.071428571428573,29.442857142857143,71.75714285714285,0.02428571428571429,0.5957142857142858,20,5360000
2014-10-20,297,32.55714285714286,25.485714285714288,28.442857142857143,79.34285714285714,4.638428571428571,3.5714285714285716,20,5360000
2014-10-27,213,32.08571428571428,25.785714285714285,28.457142857142856,77.31428571428572,5.333,4.761428571428572,20,5360000
2014-11-03,186,33.028571428571425,25.985714285714288,28.97142857142857,76.17142857142858,4.588857142857143,3.5714285714285716,16,5360000
2014-11-10,168,31.928571428571427,24.885714285714283,27.771428571428572,79.94285714285715,12.253714285714285,10.118571428571428,16,5360000
2014-11-17,158,32.371428571428574,24.857142857142858,27.25714285714286,82.64285714285714,12.019285714285713,7.737142857142857,16,5360000
2014-11-24,149,31.357142857142858,25.485714285714288,27.67142857142857,83.39999999999999,2.2979999999999996,6.548571428571429,16,5360000
2014-12-01,162,31.714285714285715,24.97142857142857,27.642857142857142,82.31428571428572,8.359571428571428,6.547142857142857,16,5360000
2014-12-08,212,31.74285714285714,25.071428571428573,27.8,79.75714285714285,10.201857142857142,4.761428571428572,16,5360000
2014-12-15,177,32.18571428571429,26.057142857142857,28.5,75.61428571428571,0.014285714285714287,0.5957142857142858,16,5360000
2014-12-22,198,30.62857142857143,25.185714285714287,27.114285714285717,84.12857142857142,5.132,7.738571428571428,16,5360000
2014-12-29,188,29.74285714285714,24.514285714285712,26.485714285714288,86.54285714285713,12.02057142857143,10.120000000000001,16,5360000
2015-01-05,158,29.900000000000002,24.842857142857145,27.085714285714285,76.84285714285714,0.07442857142857143,0.5957142857142858,16,5390000
2015-01-05,256,29.900000000000002,24.842857142857145,27.085714285714285,76.84285714285714,0.07442857142857143,0.5957142857142858,16,5390000
2015-01-12,228,30.62857142857143,24.7,26.728571428571428,82.95714285714287,9.699,6.545714285714285,16,5390000
2015-01-19,237,31.385714285714283,24.457142857142856,27.47142857142857,72.91428571428571,0.0,0.0,16,5390000
2015-01-26,259,30.47142857142857,24.728571428571428,26.97142857142857,75.31428571428572,0.0,0.0,16,5390000
2015-02-02,212,30.914285714285715,24.442857142857143,27.099999999999998,75.12857142857142,0.37214285714285716,1.7857142857142858,14,5390000
2015-02-09,173,29.642857142857142,24.41428571428571,26.585714285714285,77.61428571428571,1.4437142857142857,2.9771428571428573,14,5390000
2015-02-16,99,31.400000000000002,24.057142857142857,26.97142857142857,72.71428571428571,0.0,0.0,14,5390000
2015-02-23,172,32.285714285714285,24.642857142857142,27.599999999999998,75.27142857142857,0.521,1.19,14,5390000
2015-03-02,189,32.528571428571425,25.057142857142857,28.085714285714285,74.72857142857143,0.0,0.0,14,5390000
2015-03-09,110,32.94285714285714,25.414285714285715,28.271428571428572,74.27142857142857,1.7362857142857142,1.19,14,5390000
2015-03-16,91,31.514285714285716,25.428571428571427,27.771428571428572,75.71428571428571,5.829285714285715,1.7857142857142858,14,5390000
2015-03-23,129,33.042857142857144,25.585714285714285,28.5,77.10000000000001,0.7441428571428571,0.5957142857142858,14,5390000
2015-03-30,90,32.05714285714286,26.3,28.657142857142855,76.32857142857142,1.1658571428571427,1.7857142857142858,14,5390000
2015-04-06,107,32.67142857142857,25.857142857142858,28.157142857142855,81.62857142857142,5.730142857142858,5.357142857142857,15,5390000
2015-04-13,137,33.4,26.5,29.228571428571428,75.39999999999999,0.04971428571428571,1.19,15,5390000
2015-04-20,113,33.67142857142857,26.357142857142858,29.457142857142856,72.54285714285714,0.124,1.1914285714285715,15,5390000
2015-04-27,120,33.1,25.942857142857143,28.428571428571427,77.15714285714286,2.927,3.5714285714285716,15,5390000
2015-05-04,135,31.82857142857143,25.257142857142856,27.885714285714283,81.74285714285715,5.426428571428572,4.762857142857143,17,5390000
2015-05-11,157,33.05714285714286,26.985714285714288,29.385714285714283,76.89999999999999,0.7691428571428572,1.7871428571428571,17,5390000
2015-05-18,109,32.17142857142857,26.52857142857143,28.814285714285713,79.62857142857142,3.8200000000000003,3.5714285714285716,17,5390000
2015-05-25,178,31.74285714285714,26.7,28.87142857142857,79.67142857142858,1.0984285714285715,2.3814285714285717,17,5390000
2015-06-01,151,33.05714285714286,26.97142857142857,29.5,74.45714285714287,0.248,1.7857142857142858,18,5390000
2015-06-08,192,32.9,26.785714285714285,29.142857142857142,76.45714285714287,7.2418571428571425,4.168571428571428,18,5390000
2015-06-15,207,31.271428571428572,26.114285714285717,28.214285714285715,79.48571428571428,4.688285714285714,5.358571428571429,18,5390000
2015-06-22,240,32.1,27.12857142857143,29.428571428571427,74.3,0.049571428571428565,0.5957142857142858,18,5390000
2015-06-29,242,33.142857142857146,27.82857142857143,30.12857142857143,70.91428571428571,1.6122857142857143,0.5957142857142858,18,5390000
2015-07-06,272,31.728571428571428,26.47142857142857,29.285714285714285,73.47142857142856,3.5222857142857142,2.3814285714285717,20,5390000
2015-07-13,263,32.128571428571426,26.714285714285715,29.442857142857143,75.48571428571428,4.167285714285715,2.382857142857143,20,5390000
2015-07-20,293,32.471428571428575,27.157142857142855,29.514285714285712,76.08571428571429,6.002857142857143,2.3814285714285717,20,5390000
2015-07-27,250,32.57142857142857,27.12857142857143,29.428571428571427,71.71428571428571,0.521,1.7857142857142858,20,5390000
2015-08-03,226,31.77142857142857,25.75714285714286,28.342857142857145,75.25714285714285,3.6462857142857144,4.761428571428572,16,5390000
2015-08-10,221,30.87142857142857,25.314285714285713,28.042857142857144,79.78571428571429,8.954714285714285,5.951428571428571,16,5390000
2015-08-17,250,31.514285714285712,26.557142857142857,28.714285714285715,78.15714285714286,7.153714285714286,3.5714285714285716,16,5390000
2015-08-24,225,32.32857142857143,27.142857142857142,29.314285714285713,72.24285714285715,0.0,0.0,16,5390000
2015-08-31,246,32.457142857142856,27.042857142857144,29.24285714285714,73.82857142857142,2.867142857142857,2.3814285714285717,16,5390000
2015-09-07,217,32.48571428571429,27.12857142857143,29.47142857142857,72.07142857142857,0.05342857142857143,1.19,18,5390000
2015-09-14,303,31.91428571428571,26.24285714285714,28.82857142857143,72.7,2.2324285714285717,1.19,18,5390000
2015-09-21,214,31.642857142857142,26.7,28.74285714285714,77.67142857142858,4.489857142857143,2.9757142857142855,18,5390000
2015-09-28,257,32.528571428571425,26.428571428571427,29.042857142857144,73.78571428571429,0.9177142857142858,1.7857142857142858,18,5390000
2015-10-05,235,32.042857142857144,25.97142857142857,28.685714285714287,78.0,3.3705714285714286,3.5714285714285716,17,5390000
2015-10-12,235,33.214285714285715,26.114285714285717,29.071428571428573,74.28571428571429,2.430857142857143,1.7857142857142858,17,5390000
2015-10-19,224,33.15714285714286,26.914285714285715,29.614285714285717,71.92857142857143,1.3501428571428573,1.7857142857142858,17,5390000
2015-10-26,246,32.957142857142856,26.97142857142857,29.542857142857144,73.34285714285714,1.4904285714285714,2.3814285714285717,17,5390000
2015-11-02,266,32.42857142857143,25.5,28.3,77.02857142857144,5.430714285714286,8.928571428571429,17,5390000
2015-11-09,198,32.2,25.74285714285714,28.442857142857143,78.04285714285713,1.6675714285714285,4.762857142857143,17,5390000
2015-11-16,254,31.87142857142857,25.9,28.099999999999998,80.60000000000001,3.0684285714285715,5.358571428571429,17,5390000
2015-11-23,285,32.457142857142856,25.771428571428572,28.5,78.18571428571428,1.2364285714285714,4.167142857142857,17,5390000
2015-11-30,259,32.357142857142854,25.3,27.957142857142856,81.14285714285714,7.563428571428572,11.308571428571428,17,5390000
2015-12-07,356,32.642857142857146,25.47142857142857,28.142857142857142,82.42857142857143,5.031428571428571,4.1657142857142855,23,5390000
2015-12-14,333,31.67142857142857,25.17142857142857,27.67142857142857,84.48571428571428,16.546142857142858,12.5,23,5390000
2015-12-21,372,31.885714285714283,26.25714285714286,28.485714285714288,74.60000000000001,1.2505714285714284,3.5700000000000003,23,5390000
2015-12-28,458,32.24285714285714,25.542857142857144,28.400000000000002,79.04285714285713,9.089285714285714,4.167142857142857,23,5390000
2016-01-04,549,29.857142857142858,24.8,27.12857142857143,85.34285714285714,19.185714285714287,19.642857142857142,42,5420000
2016-01-11,628,32.84285714285714,26.485714285714288,29.057142857142857,77.0,0.2345714285714286,1.7857142857142858,42,5420000
2016-01-18,635,32.857142857142854,26.428571428571427,28.728571428571428,79.97142857142856,7.508142857142857,7.738571428571428,42,5420000
2016-01-25,629,31.97142857142857,26.757142857142856,28.67142857142857,78.27142857142857,0.7015714285714285,5.357142857142857,42,5420000
2016-02-01,528,32.871428571428574,26.428571428571427,28.97142857142857,76.71428571428571,0.8761428571428571,4.7628571428571425,43,5420000
2016-02-08,420,31.071428571428573,26.099999999999998,28.24285714285714,79.48571428571428,7.386714285714285,8.928571428571429,43,5420000
2016-02-15,592,31.314285714285713,25.8,28.099999999999998,80.62857142857142,1.2975714285714286,4.761428571428572,43,5420000
2016-02-22,508,30.928571428571427,25.342857142857145,27.7,78.52857142857144,10.029,10.712857142857143,43,5420000
2016-02-29,412,31.74285714285714,25.771428571428572,28.271428571428572,76.65714285714286,9.046714285714286,2.3814285714285717,43,5420000
2016-03-07,396,32.285714285714285,26.62857142857143,28.87142857142857,76.55714285714285,0.10514285714285714,4.1657142857142855,29,5420000
2016-03-14,373,33.5,26.585714285714285,29.25714285714286,77.48571428571428,1.018,3.5714285714285716,29,5420000
2016-03-21,306,33.42857142857143,26.385714285714283,29.17142857142857,74.48571428571428,0.684,1.7871428571428571,29,5420000
2016-03-28,376,33.5,26.942857142857143,29.52857142857143,73.60000000000001,0.7919999999999999,4.167142857142857,29,5420000
2016-04-04,290,33.714285714285715,26.75714285714286,29.62857142857143,72.9,1.711857142857143,2.9757142857142855,22,5420000
2016-04-11,225,34.18571428571429,26.900000000000002,29.657142857142855,75.21428571428571,0.9939999999999999,2.3814285714285717,22,5420000
2016-04-18,231,34.385714285714286,27.37142857142857,30.214285714285715,74.60000000000001,3.3672857142857144,4.167142857142857,22,5420000
2016-04-25,244,33.75714285714286,27.571428571428573,29.957142857142856,75.32857142857142,4.3665714285714285,6.55,22,5420000
2016-05-02,181,33.32857142857143,26.928571428571427,29.214285714285715,79.04285714285713,2.9221428571428576,5.952857142857143,21,5420000
2016-05-09,217,34.4,27.67142857142857,30.271428571428572,74.71428571428571,0.7334285714285714,2.382857142857143,21,5420000
2016-05-16,212,33.271428571428565,26.557142857142857,29.185714285714287,80.47142857142856,7.403,7.738571428571428,21,5420000
2016-05-23,198,32.871428571428574,26.157142857142855,29.2,80.31428571428572,13.190285714285716,7.738571428571428,21,5420000
2016-05-30,219,32.9,26.97142857142857,29.8,76.05714285714285,5.327142857142857,2.9757142857142855,21,5420000
2016-06-06,159,31.942857142857143,26.37142857142857,28.67142857142857,78.94285714285715,1.1871428571428573,7.142857142857143,21,5420000
2016-06-13,192,32.22857142857143,26.714285714285715,28.942857142857143,78.94285714285715,3.9955714285714286,8.332857142857142,21,5420000
2016-06-20,215,31.099999999999998,25.814285714285713,28.185714285714287,79.44285714285715,7.5045714285714284,8.334285714285715,21,5420000
2016-06-27,234,31.61428571428571,26.37142857142857,28.714285714285715,77.52857142857144,8.937857142857142,6.547142857142857,21,5420000
2016-07-04,246,33.871428571428574,27.87142857142857,30.52857142857143,71.67142857142856,0.26357142857142857,0.5957142857142858,22,5420000
2016-07-11,223,32.628571428571426,26.75714285714286,29.642857142857142,73.82857142857142,1.6034285714285714,5.358571428571429,22,5420000
2016-07-18,266,31.657142857142862,25.82857142857143,28.285714285714285,80.02857142857144,6.162857142857143,9.522857142857143,22,5420000
2016-07-25,221,30.5,24.657142857142855,27.47142857142857,82.10000000000001,14.362,14.282857142857141,22,5420000
2016-08-01,211,31.7,25.657142857142855,28.285714285714285,78.52857142857144,3.8734285714285717,7.142857142857143,23,5420000
2016-08-08,197,32.628571428571426,26.285714285714285,29.342857142857145,73.17142857142858,1.5702857142857145,2.3814285714285717,23,5420000
2016-08-15,221,32.84285714285714,27.52857142857143,29.842857142857145,72.04285714285714,1.082,4.167142857142857,23,5420000
2016-08-22,274,32.357142857142854,26.457142857142856,29.5,74.8,7.417428571428572,5.357142857142857,23,5420000
2016-08-29,310,32.7,26.857142857142858,29.557142857142857,72.75714285714285,6.078714285714286,5.358571428571429,23,5420000
2016-09-05,242,32.25714285714286,25.942857142857143,28.7,76.5,4.055428571428571,6.547142857142857,26,5420000
2016-09-12,174,31.442857142857143,25.67142857142857,28.385714285714283,77.85714285714286,4.282571428571429,8.334285714285715,26,5420000
2016-09-19,173,32.47142857142857,24.771428571428572,28.814285714285713,75.72857142857143,8.958428571428572,5.357142857142857,26,5420000
2016-09-26,138,33.142857142857146,25.4,29.0,72.04285714285713,2.616285714285714,2.3814285714285717,26,5420000
2016-10-03,125,33.385714285714286,25.87142857142857,29.37142857142857,70.2,10.288857142857141,3.5714285714285716,16,5420000
2016-10-10,94,32.357142857142854,25.62857142857143,28.685714285714287,73.22857142857143,3.453714285714286,5.3585714285714285,16,5420000
2016-10-17,108,33.27142857142857,26.842857142857145,29.885714285714283,69.0,1.2205714285714284,5.357142857142857,16,5420000
2016-10-24,84,32.25714285714286,25.885714285714283,28.885714285714283,75.77142857142857,4.543714285714286,7.738571428571428,16,5420000
2016-10-31,85,31.714285714285715,24.614285714285717,27.571428571428573,81.12857142857142,7.881285714285715,7.738571428571428,16,5420000
2016-11-07,84,30.985714285714288,25.285714285714285,27.857142857142858,81.01428571428572,7.677,11.31,12,5420000
2016-11-14,72,31.457142857142856,25.099999999999998,27.785714285714285,81.31428571428572,21.222571428571428,10.714285714285714,12,5420000
2016-11-21,74,31.771428571428572,25.24285714285714,27.942857142857143,81.68571428571428,8.952428571428571,6.547142857142857,12,5420000
2016-11-28,86,31.385714285714283,25.685714285714287,28.057142857142857,79.52857142857144,1.834,5.358571428571429,12,5420000
2016-12-05,59,31.52857142857143,25.47142857142857,28.071428571428573,77.64285714285714,5.1124285714285715,8.332857142857142,9,5420000
2016-12-12,81,32.142857142857146,25.485714285714288,28.2,77.82857142857142,11.710285714285714,7.738571428571428,9,5420000
2016-12-19,72,32.74285714285714,25.614285714285717,28.457142857142856,74.3,5.210714285714286,5.3585714285714285,9,5420000
2016-12-26,64,32.357142857142854,24.942857142857143,27.657142857142855,78.61428571428571,15.905285714285714,9.524285714285714,9,5420000
2017-01-02,70,30.657142857142855,25.214285714285715,27.17142857142857,80.25714285714285,2.3422857142857145,7.142857142857143,11,5450000
2017-01-09,90,32.871428571428574,25.828571428571426,28.7,77.24285714285715,0.6554285714285715,4.167142857142857,11,5450000
2017-01-16,74,32.57142857142857,25.285714285714285,28.185714285714287,79.12857142857142,5.534714285714286,4.762857142857143,11,5450000
2017-01-23,66,31.085714285714285,24.67142857142857,26.885714285714283,84.3,17.053285714285714,13.092857142857143,11,5450000
2017-01-30,62,29.271428571428572,24.599999999999998,26.514285714285712,83.52857142857144,3.855857142857143,8.332857142857142,11,5450000
2017-02-06,77,32.17142857142857,25.071428571428573,27.52857142857143,80.31428571428572,8.793000000000001,5.95,11,5450000
2017-02-13,51,30.842857142857145,25.057142857142857,27.214285714285715,79.10000000000001,5.4915714285714285,7.738571428571428,11,5450000
2017-02-20,54,30.72857142857143,24.771428571428572,27.271428571428572,79.08571428571429,2.3258571428571426,5.358571428571429,11,5450000
2017-02-27,41,31.12857142857143,25.17142857142857,27.385714285714283,82.11428571428571,5.967142857142858,3.5714285714285716,11,5450000
2017-03-06,32,29.97142857142857,24.5,26.842857142857145,84.12857142857142,8.487857142857143,14.285714285714286,11,5450000
2017-03-13,34,31.8,24.985714285714288,27.74285714285714,78.14285714285714,0.9505714285714285,2.9785714285714286,11,5450000
2017-03-20,32,32.42857142857143,25.62857142857143,28.37142857142857,78.08571428571429,3.6541428571428574,5.358571428571429,11,5450000
2017-03-27,49,32.77142857142857,26.2,28.8,76.87142857142858,1.2129999999999999,4.168571428571428,11,5450000
2017-04-03,37,31.271428571428572,24.857142857142858,27.271428571428572,84.18571428571428,9.852857142857143,10.714285714285714,10,5450000
2017-04-10,32,32.57142857142857,25.385714285714283,28.571428571428573,78.3,6.440571428571428,7.142857142857143,10,5450000
2017-04-17,51,32.371428571428574,25.685714285714283,28.485714285714288,79.7,5.147857142857143,8.334285714285715,10,5450000
2017-04-24,37,32.55714285714286,25.2,28.32857142857143,81.35714285714286,10.03257142857143,7.142857142857143,10,5450000
2017-05-01,42,32.22857142857143,25.457142857142856,28.185714285714287,82.12857142857142,6.918857142857143,5.951428571428571,13,5450000
2017-05-08,48,31.985714285714284,26.47142857142857,29.0,78.24285714285715,4.165142857142857,5.951428571428571,13,5450000
2017-05-15,48,31.75714285714286,26.67142857142857,28.914285714285715,80.54285714285713,3.287,7.74,13,5450000
2017-05-22,50,32.55714285714286,26.7,29.414285714285715,79.02857142857144,6.613142857142857,7.738571428571428,13,5450000
2017-05-29,66,31.885714285714283,26.17142857142857,28.74285714285714,82.81428571428572,4.784428571428571,6.548571428571429,13,5450000
2017-06-05,62,33.042857142857144,26.414285714285715,29.400000000000002,76.81428571428572,8.449857142857143,4.1657142857142855,11,5450000
2017-06-12,79,33.114285714285714,27.24285714285714,29.814285714285713,75.32857142857142,0.34071428571428575,4.167142857142857,11,5450000
2017-06-19,73,32.57142857142857,26.0,28.82857142857143,77.3,5.075285714285714,9.522857142857143,11,5450000
2017-06-26,75,31.457142857142856,25.685714285714287,28.457142857142856,78.61428571428571,9.703714285714286,5.952857142857143,11,5450000
2017-07-03,63,31.042857142857144,25.97142857142857,28.214285714285715,79.57142857142857,0.5750000000000001,4.761428571428572,13,5450000
2017-07-10,53,31.714285714285715,25.642857142857142,28.599999999999998,76.7,4.822142857142857,5.357142857142857,13,5450000
2017-07-17,51,30.599999999999998,25.314285714285713,27.685714285714287,80.12857142857142,5.659285714285715,7.738571428571428,13,5450000
2017-07-24,66,32.41428571428572,27.042857142857144,29.385714285714283,74.34285714285714,0.0,0.0,13,5450000
2017-07-31,60,32.471428571428575,27.285714285714285,29.67142857142857,74.24285714285715,0.5041428571428571,1.7857142857142858,13,5450000
2017-08-07,56,32.3,27.37142857142857,29.485714285714288,73.42857142857143,1.8017142857142858,3.5714285714285716,11,5450000
2017-08-14,52,30.542857142857144,25.8,27.885714285714283,79.35714285714286,2.9535714285714287,8.332857142857142,11,5450000
2017-08-21,51,31.657142857142855,25.885714285714283,28.357142857142858,78.75714285714285,6.669142857142857,7.737142857142857,11,5450000
2017-08-28,33,31.271428571428572,27.02857142857143,28.785714285714285,75.72857142857143,2.164285714285714,7.142857142857143,11,5450000
2017-09-04,40,31.97142857142857,27.085714285714285,29.042857142857144,75.5,0.4657142857142857,3.5728571428571425,10,5450000
2017-09-11,53,31.457142857142856,26.485714285714288,28.357142857142858,79.67142857142856,8.101142857142857,11.31,10,5450000
2017-09-18,58,32.0,26.385714285714283,28.957142857142856,77.04285714285713,5.8514285714285705,7.738571428571428,10,5450000
2017-09-25,39,31.900000000000002,25.985714285714288,28.47142857142857,76.71428571428571,3.442285714285714,10.117142857142856,10,5450000
2017-10-02,51,31.87142857142857,25.75714285714286,28.314285714285713,79.11428571428571,1.9324285714285714,8.332857142857142,12,5450000
2017-10-09,55,31.857142857142858,25.414285714285715,27.928571428571427,81.32857142857142,9.134285714285713,10.714285714285714,12,5450000
2017-10-16,62,32.84285714285714,25.82857142857143,29.099999999999998,74.82857142857142,3.4737142857142858,7.737142857142857,12,5450000
2017-10-23,77,33.98571428571429,27.442857142857143,30.37142857142857,70.17142857142856,0.07442857142857141,1.1914285714285715,12,5450000
2017-10-30,62,31.67142857142857,26.0,27.885714285714283,81.65714285714286,5.700857142857143,7.737142857142857,12,5450000
2017-11-06,44,31.5,25.12857142857143,28.014285714285712,80.7,8.384142857142857,10.118571428571428,11,5450000
2017-11-13,50,31.400000000000002,24.914285714285715,27.342857142857145,84.28571428571429,12.519,10.120000000000001,11,5450000
2017-11-20,24,31.82857142857143,25.5,28.057142857142857,81.22857142857143,12.906,8.334285714285715,11,5450000
2017-11-27,37,30.485714285714288,25.099999999999998,27.342857142857145,83.31428571428572,3.5637142857142856,10.715714285714286,11,5450000
2017-12-04,33,32.84285714285714,26.2,28.657142857142855,77.39999999999999,4.200428571428572,6.548571428571429,11,5450000
2017-12-11,40,31.571428571428573,25.74285714285714,27.785714285714285,80.05714285714285,8.13342857142857,8.927142857142858,11,5450000
2017-12-18,51,31.685714285714287,24.985714285714288,27.342857142857145,80.78571428571429,17.108285714285714,6.548571428571429,11,5450000
2017-12-25,66,31.357142857142858,25.52857142857143,27.685714285714287,76.45714285714287,10.649571428571429,6.547142857142857,11,5450000
2018-01-08,83,30.114285714285717,24.942857142857143,26.87142857142857,85.2,7.271571428571429,8.930000000000001,11,5480000
2018-01-15,68,26.75714285714286,23.17142857142857,24.642857142857142,87.52857142857144,14.094857142857142,22.617142857142856,11,5480000
2018-01-22,54,32.128571428571426,25.0,27.642857142857142,78.31428571428572,4.082,4.1657142857142855,11,5480000
2018-01-29,45,31.74285714285714,25.25714285714286,27.542857142857144,79.82857142857142,3.6631428571428573,5.951428571428571,11,5480000
2018-02-05,48,31.114285714285717,25.071428571428573,27.485714285714288,78.67142857142858,7.353285714285714,6.548571428571429,9,5480000
2018-02-12,50,30.785714285714285,24.228571428571428,26.914285714285715,70.32857142857144,0.0,0.0,9,5480000
2018-02-19,28,32.15714285714286,25.085714285714285,27.771428571428572,75.85714285714286,0.25457142857142856,1.7871428571428571,9,5480000
2018-02-26,38,31.52857142857143,25.52857142857143,27.857142857142858,76.74285714285715,0.2521428571428571,2.3814285714285717,9,5480000
2018-03-05,51,32.614285714285714,25.785714285714285,28.37142857142857,77.35714285714286,0.5031428571428572,2.9771428571428573,9,5480000
2018-03-12,37,30.942857142857143,25.75714285714286,28.071428571428573,77.78571428571429,3.0042857142857144,6.547142857142857,9,5480000
2018-03-19,37,33.214285714285715,26.185714285714287,29.0,73.27142857142857,0.43685714285714283,1.1914285714285715,9,5480000
2018-03-26,36,32.7,26.142857142857142,28.728571428571428,73.57142857142857,1.276142857142857,2.9771428571428578,9,5480000
2018-04-02,24,31.942857142857143,24.985714285714288,27.442857142857143,80.7,3.1324285714285716,8.928571428571429,8,5480000
2018-04-09,38,33.114285714285714,26.32857142857143,28.942857142857143,73.60000000000001,1.185142857142857,2.9771428571428573,8,5480000
2018-04-16,38,33.114285714285714,26.557142857142857,28.885714285714283,77.39999999999999,3.822428571428571,5.357142857142857,8,5480000
2018-04-23,56,32.81428571428572,26.228571428571428,28.457142857142856,79.62857142857142,2.418142857142857,6.548571428571429,8,5480000
2018-04-30,55,33.05714285714286,26.014285714285712,28.942857142857143,77.55714285714285,4.340428571428571,3.5714285714285716,8,5480000
2018-05-07,74,32.65714285714286,26.385714285714283,28.985714285714288,78.10000000000001,3.253857142857143,7.144285714285715,19,5480000
2018-05-14,62,33.042857142857144,27.642857142857142,29.885714285714283,72.44285714285715,1.4052857142857142,3.5714285714285716,19,5480000
2018-05-21,63,32.31428571428571,26.314285714285713,28.342857142857145,80.67142857142858,1.816285714285714,5.3585714285714285,19,5480000
2018-05-28,64,32.08571428571428,26.0,28.47142857142857,79.34285714285714,13.15757142857143,10.714285714285714,19,5480000
2018-06-04,52,31.914285714285715,25.514285714285712,28.557142857142857,77.61428571428571,9.427142857142856,6.548571428571429,12,5480000
2018-06-11,75,32.97142857142857,27.728571428571428,30.185714285714287,72.3,0.6128571428571429,1.7857142857142858,12,5480000
2018-06-18,55,31.599999999999998,26.685714285714287,29.042857142857144,77.58571428571429,2.9822857142857138,7.144285714285714,12,5480000
2018-06-25,59,30.47142857142857,24.842857142857145,27.585714285714285,81.31428571428572,6.537857142857143,7.738571428571428,12,5480000
2018-07-02,75,29.62857142857143,25.057142857142857,27.2,80.82857142857142,6.4788571428571435,8.332857142857142,12,5480000
2018-07-09,56,31.485714285714288,26.5,28.857142857142858,75.5,8.176571428571428,3.5714285714285716,12,5480000
2018-07-16,44,31.542857142857144,26.099999999999998,28.87142857142857,75.81428571428572,7.318428571428571,4.167142857142857,12,5480000
2018-07-23,41,31.985714285714288,27.12857142857143,29.47142857142857,75.74285714285715,1.376,3.5714285714285716,12,5480000
2018-07-30,56,31.7,27.114285714285717,29.071428571428573,74.07142857142857,2.11,4.168571428571429,12,5480000
2018-08-06,50,30.900000000000002,26.642857142857142,28.37142857142857,77.21428571428571,4.167285714285714,3.5714285714285716,10,5480000
2018-08-13,59,32.17142857142857,27.099999999999998,29.185714285714287,74.05714285714285,1.019,2.9771428571428578,10,5480000
2018-08-20,42,32.48571428571429,27.642857142857142,29.67142857142857,71.3,0.49385714285714283,3.5728571428571425,10,5480000
2018-08-27,66,31.928571428571427,26.214285714285715,28.685714285714287,75.74285714285715,8.855285714285715,4.762857142857143,10,5480000
2018-09-03,75,31.3,26.214285714285715,28.271428571428572,76.01428571428572,2.652285714285714,7.1414285714285715,10,5480000
2018-09-10,75,29.685714285714287,24.571428571428573,27.214285714285715,82.01428571428572,14.144142857142857,9.522857142857143,10,5480000
2018-09-17,49,31.157142857142855,26.599999999999998,28.614285714285717,72.11428571428571,0.16171428571428573,1.1914285714285715,10,5480000
2018-09-24,63,31.614285714285717,24.900000000000002,27.599999999999998,79.14285714285714,6.059714285714286,4.761428571428572,10,5480000
2018-10-01,40,32.98571428571429,27.24285714285714,29.7,71.77142857142857,0.0037142857142857142,0.5957142857142858,9,5480000
2018-10-08,51,32.84285714285714,27.085714285714285,29.3,73.87142857142858,3.8874285714285715,5.952857142857143,9,5480000
2018-10-15,51,30.428571428571427,24.642857142857142,27.02857142857143,84.87142857142858,22.33442857142857,13.094285714285714,9,5480000
2018-10-22,60,32.214285714285715,25.428571428571427,28.542857142857144,76.78571428571429,5.053285714285715,5.952857142857143,9,5480000
2018-10-29,78,31.957142857142856,25.52857142857143,28.014285714285712,81.39999999999999,2.009714285714286,5.952857142857143,9,5480000
2018-11-05,75,31.271428571428572,25.87142857142857,27.75714285714286,82.57142857142857,2.3247142857142857,10.120000000000001,11,5480000
2018-11-12,71,32.142857142857146,25.285714285714285,27.785714285714285,82.67142857142858,6.589142857142856,9.524285714285714,11,5480000
2018-11-19,78,31.12857142857143,24.771428571428572,27.614285714285717,83.32857142857142,8.001571428571427,10.714285714285714,11,5480000
2018-11-26,97,31.842857142857138,24.87142857142857,28.099999999999998,81.04285714285713,5.752428571428571,9.525714285714287,11,5480000
2018-12-03,109,30.985714285714288,25.7,27.814285714285713,84.17142857142858,5.007,11.308571428571428,14,5480000
2018-12-10,114,31.657142857142855,26.042857142857144,28.2,82.95714285714287,1.7654285714285713,8.334285714285715,14,5480000
2018-12-17,107,30.985714285714288,25.285714285714285,27.357142857142858,83.71428571428571,12.185571428571427,6.548571428571428,14,5480000
2018-12-24,127,32.614285714285714,25.97142857142857,28.342857142857145,79.98571428571428,3.3491428571428576,5.951428571428571,14,5480000
2018-12-31,160,32.42857142857143,26.142857142857142,28.82857142857143,76.24285714285715,7.522428571428572,4.761428571428572,14,5480000
2019-01-07,205,32.67142857142857,26.62857142857143,29.228571428571428,74.12857142857142,0.3125714285714286,1.19,18,5510000
2019-01-14,245,32.114285714285714,26.228571428571428,28.571428571428573,76.58571428571429,0.7284285714285714,1.7857142857142858,18,5510000
2019-01-21,207,31.657142857142855,25.928571428571427,28.071428571428573,77.27142857142857,7.756857142857143,5.952857142857143,18,5510000
2019-01-28,221,30.814285714285713,25.885714285714283,27.928571428571427,75.41428571428571,0.24285714285714285,2.9771428571428573,18,5510000
2019-02-04,179,32.34285714285714,26.12857142857143,28.585714285714285,76.35714285714286,0.09857142857142856,2.9757142857142855,20,5510000
2019-02-11,135,32.885714285714286,25.814285714285713,28.685714285714287,73.7,0.05642857142857143,0.5957142857142858,20,5510000
2019-02-18,232,32.614285714285714,25.571428571428573,28.442857142857143,74.28571428571429,2.3114285714285714,3.5714285714285716,20,5510000
2019-02-25,181,32.885714285714286,25.8,28.714285714285715,74.65714285714286,1.8382857142857143,1.7857142857142858,20,5510000
2019-03-04,156,32.75714285714286,26.157142857142855,28.62857142857143,73.51428571428572,0.10385714285714286,1.7871428571428571,14,5510000
2019-03-11,133,33.457142857142856,26.385714285714283,29.271428571428572,73.51428571428572,4.316857142857143,1.7857142857142858,14,5510000
2019-03-18,109,34.0,26.057142857142857,29.314285714285713,69.6,0.14885714285714285,1.19,14,5510000
2019-03-25,96,33.65714285714286,26.3,29.114285714285717,74.78571428571429,3.3364285714285713,2.9771428571428573,14,5510000
2019-04-01,99,32.75714285714286,26.157142857142855,29.0,77.47142857142858,7.763285714285715,5.357142857142857,16,5510000
2019-04-08,108,33.08571428571429,25.928571428571427,29.0,73.88571428571429,4.255857142857143,3.5728571428571434,16,5510000
2019-04-15,125,33.042857142857144,26.885714285714283,29.214285714285715,77.57142857142857,6.417,5.357142857142857,16,5510000
2019-04-22,134,33.471428571428575,27.52857142857143,30.02857142857143,75.81428571428572,4.237285714285714,4.761428571428572,16,5510000
2019-04-29,156,32.128571428571426,26.32857142857143,28.7,81.95714285714287,8.551857142857143,6.55,16,5510000
2019-05-06,192,32.614285714285714,27.2,29.428571428571427,79.21428571428571,1.9514285714285715,4.167142857142857,20,5510000
2019-05-13,287,32.8,26.67142857142857,29.74285714285714,78.35714285714286,4.429857142857143,7.141428571428571,20,5510000
2019-05-20,307,32.0,26.7,29.25714285714286,78.97142857142856,3.161285714285714,4.168571428571428,20,5510000
2019-05-27,376,32.642857142857146,27.842857142857145,29.75714285714286,75.97142857142856,3.218571428571429,5.357142857142857,20,5510000
2019-06-03,400,32.199999999999996,26.957142857142856,29.02857142857143,79.58571428571429,8.367428571428572,8.334285714285715,34,5510000
2019-06-10,396,30.74285714285714,26.47142857142857,28.414285714285715,82.87142857142858,2.432142857142857,5.954285714285715,34,5510000
2019-06-17,464,31.771428571428572,27.385714285714283,29.185714285714283,80.0,3.7572857142857146,8.334285714285715,34,5510000
2019-06-24,430,31.385714285714283,26.271428571428572,28.457142857142856,81.71428571428571,8.623428571428573,9.522857142857143,34,5510000
2019-07-01,492,32.142857142857146,27.74285714285714,29.5,76.71428571428571,3.274142857142857,2.9771428571428573,48,5510000
2019-07-08,591,32.1,27.75714285714286,29.457142857142856,77.05714285714285,1.5332857142857141,4.1657142857142855,48,5510000
2019-07-15,661,31.714285714285715,26.82857142857143,29.185714285714287,75.51428571428572,0.5484285714285714,3.5714285714285716,48,5510000
2019-07-22,644,32.042857142857144,27.3,29.3,72.47142857142858,0.6394285714285715,1.7857142857142858,48,5510000
2019-07-29,601,32.042857142857144,27.114285714285717,29.24285714285714,74.08571428571429,1.4407142857142856,4.167142857142857,48,5510000
2019-08-05,597,32.385714285714286,27.67142857142857,29.7,69.4,0.0074285714285714285,1.19,41,5510000
2019-08-12,521,32.08571428571428,27.771428571428572,29.614285714285717,72.5,0.44642857142857145,2.3814285714285717,41,5510000
2019-08-19,522,33.028571428571425,27.74285714285714,29.842857142857145,70.95714285714287,0.15057142857142855,1.7857142857142858,41,5510000
2019-08-26,474,32.971428571428575,27.514285714285712,29.571428571428573,71.97142857142858,1.1764285714285714,4.167142857142857,41,5510000
2019-09-02,412,31.385714285714283,26.74285714285714,28.8,74.75714285714285,0.7331428571428571,2.9771428571428573,29,5510000
2019-09-09,326,32.92857142857143,27.25714285714286,29.67142857142857,72.1,0.007571428571428571,0.5957142857142858,29,5510000
2019-09-16,314,32.42857142857143,27.3,29.414285714285715,72.38571428571429,0.16942857142857143,0.5957142857142858,29,5510000
2019-09-23,299,32.714285714285715,27.428571428571427,29.52857142857143,71.52857142857142,0.5525714285714286,1.19,29,5510000
2019-09-30,258,32.214285714285715,25.785714285714285,28.67142857142857,77.01428571428572,3.5127142857142855,7.144285714285714,29,5510000
2019-10-07,243,31.8,25.24285714285714,27.957142857142856,77.60000000000001,5.257142857142857,10.712857142857143,22,5510000
2019-10-14,226,32.785714285714285,26.228571428571428,28.942857142857143,75.95714285714287,1.663142857142857,4.764285714285714,22,5510000
2019-10-21,239,32.51428571428571,26.900000000000002,29.114285714285717,76.35714285714286,2.154,7.738571428571428,22,5510000
2019-10-28,241,31.800000000000004,25.157142857142855,27.814285714285713,81.47142857142856,19.801714285714286,10.117142857142856,22,5510000
2019-11-04,306,32.4,26.12857142857143,28.82857142857143,74.67142857142858,2.6074285714285717,5.952857142857143,27,5510000
2019-11-11,321,32.91428571428571,26.47142857142857,29.285714285714285,73.97142857142856,0.719,2.9771428571428573,27,5510000
2019-11-18,372,32.22857142857143,26.214285714285715,28.52857142857143,78.15714285714286,1.2901428571428573,4.762857142857143,27,5510000
2019-11-25,329,31.12857142857143,25.25714285714286,27.185714285714287,84.02857142857144,3.7102857142857144,7.142857142857143,27,5510000
2019-12-02,295,31.900000000000002,25.657142857142855,27.942857142857143,83.31428571428572,20.51342857142857,7.7371428571428575,20,5510000
2019-12-09,280,30.157142857142855,25.97142857142857,27.657142857142855,77.81428571428572,9.878571428571428,5.952857142857143,20,5510000
2019-12-16,257,27.785714285714285,23.842857142857145,25.657142857142855,88.45714285714287,31.108571428571427,19.048571428571428,20,5510000
2019-12-23,226,30.3,25.3,27.157142857142855,84.04285714285713,7.531571428571428,7.737142857142857,20,5510000
2019-12-30,290,31.385714285714283,25.557142857142857,27.957142857142856,76.39999999999999,0.018857142857142857,0.5957142857142858,20,5510000
2020-01-06,302,31.557142857142857,26.042857142857144,28.071428571428573,76.7,1.5677142857142858,5.952857142857143,27,5540000
2020-01-13,342,31.557142857142857,25.32857142857143,27.857142857142858,78.12857142857142,1.3447142857142858,4.168571428571428,27,5540000
2020-01-20,402,32.128571428571426,25.942857142857143,28.37142857142857,76.61428571428571,0.06014285714285715,1.1914285714285715,27,5540000
2020-01-27,307,31.642857142857142,25.62857142857143,28.085714285714285,78.42857142857143,7.448142857142857,5.357142857142857,27,5540000
2020-02-03,370,31.8,25.714285714285715,28.114285714285717,77.81428571428572,3.812142857142857,4.1657142857142855,37,5540000
2020-02-10,400,31.685714285714287,25.142857142857142,27.914285714285715,74.84285714285714,3.140857142857143,3.5714285714285716,37,5540000
2020-02-17,378,32.3,25.75714285714286,28.357142857142858,79.41428571428571,3.0837142857142856,2.3814285714285717,37,5540000
2020-02-24,380,31.071428571428573,25.771428571428572,27.985714285714288,78.62857142857142,3.229857142857143,10.120000000000001,37,5540000
2020-03-02,373,32.7,25.942857142857143,28.685714285714287,74.10000000000001,0.0,0.0,29,5540000
2020-03-09,375,32.628571428571426,26.37142857142857,28.685714285714287,79.42857142857143,5.111571428571429,3.5700000000000003,29,5540000
2020-03-16,389,33.94285714285714,26.87142857142857,29.52857142857143,75.82857142857142,0.049571428571428565,0.5957142857142858,29,5540000
2020-03-23,367,32.17142857142857,26.185714285714287,28.557142857142857,76.84285714285714,9.859,5.951428571428571,29,5540000
2020-03-30,377,33.65714285714286,26.37142857142857,29.32857142857143,75.28571428571429,0.17928571428571427,1.7857142857142858,29,5540000
2020-04-06,315,33.542857142857144,26.542857142857144,29.4,76.48571428571428,8.346857142857143,4.1657142857142855,22,5540000
2020-04-13,341,33.371428571428574,25.985714285714288,29.02857142857143,77.62857142857142,3.9528571428571433,4.167142857142857,22,5540000
2020-04-20,360,34.0,27.228571428571428,30.099999999999998,71.88571428571429,0.0,0.0,22,5540000
2020-04-27,399,32.385714285714286,26.814285714285713,28.75714285714286,80.02857142857144,2.0374285714285714,7.737142857142857,22,5540000
2020-05-04,390,31.97142857142857,26.314285714285713,28.428571428571427,82.52857142857144,16.12085714285714,11.308571428571428,29,5540000
2020-05-11,502,32.971428571428575,26.5,29.5,78.68571428571428,15.438999999999998,6.547142857142857,29,5540000
2020-05-18,524,32.75714285714286,26.942857142857143,29.614285714285717,77.68571428571428,7.832428571428571,5.954285714285715,29,5540000
2020-05-25,618,32.72857142857143,26.75714285714286,29.3,79.39999999999999,5.130571428571429,8.334285714285715,29,5540000
2020-06-01,731,32.44285714285714,26.557142857142857,28.87142857142857,80.95714285714287,8.765285714285714,8.334285714285715,73,5540000
2020-06-08,868,31.74285714285714,26.357142857142858,28.842857142857145,79.05714285714285,11.870571428571427,11.904285714285715,73,5540000
2020-06-15,1151,31.74285714285714,26.357142857142858,28.714285714285715,80.94285714285715,3.8214285714285716,5.952857142857143,73,5540000
2020-06-22,1369,29.571428571428573,25.685714285714287,27.442857142857143,85.77142857142857,8.193,14.284285714285714,73,5540000
2020-06-29,1460,30.314285714285713,26.314285714285713,28.285714285714285,80.91428571428571,5.804714285714286,6.548571428571429,73,5540000
2020-07-06,1444,31.77142857142857,26.97142857142857,29.114285714285717,76.42857142857143,3.0975714285714284,2.9757142857142855,73,5540000
2020-07-13,1665,29.900000000000002,25.814285714285713,27.414285714285715,82.25714285714285,5.747142857142857,11.904285714285715,73,5540000
2020-07-20,1725,31.5,26.457142857142856,28.5,78.04285714285713,1.6501428571428571,2.9771428571428573,73,5540000
2020-07-27,1791,30.585714285714285,25.599999999999998,27.885714285714283,80.98571428571428,10.599571428571428,11.905714285714286,73,5540000
2020-08-03,1376,31.085714285714285,26.24285714285714,28.485714285714288,78.2,2.9132857142857143,7.141428571428571,60,5540000
2020-08-10,1667,32.471428571428575,27.557142857142857,29.728571428571428,75.89999999999999,0.6201428571428572,0.5957142857142858,60,5540000
2020-08-17,1336,30.842857142857145,25.714285714285715,28.142857142857142,79.60000000000001,7.771285714285715,8.335714285714285,60,5540000
2020-08-24,1285,30.885714285714283,25.571428571428573,27.900000000000002,80.68571428571428,4.526285714285715,9.524285714285714,60,5540000
2020-08-31,1153,31.25714285714286,26.3,28.314285714285713,77.05714285714285,3.0837142857142856,6.548571428571429,60,5540000
2020-09-07,937,30.25714285714286,25.985714285714288,27.599999999999998,82.3,9.930285714285715,11.308571428571428,35,5540000
2020-09-14,725,30.37142857142857,25.214285714285715,27.37142857142857,81.92857142857143,5.688857142857143,10.715714285714286,35,5540000
2020-09-21,671,31.62857142857143,25.400000000000002,28.271428571428572,77.74285714285715,2.758,6.548571428571429,35,5540000
2020-09-28,590,31.228571428571428,25.285714285714285,28.071428571428573,79.11428571428571,4.4838571428571425,6.547142857142857,35,5540000
2020-10-05,605,31.24285714285714,25.985714285714288,28.271428571428572,78.41428571428571,1.7710000000000001,6.548571428571429,24,5540000
2020-10-12,528,31.157142857142855,26.02857142857143,28.428571428571427,77.22857142857143,3.5348571428571427,5.952857142857143,24,5540000
2020-10-19,591,32.34285714285714,26.185714285714287,29.314285714285713,74.08571428571429,1.1988571428571428,5.355714285714286,24,5540000
2020-10-26,563,31.142857142857142,26.0,28.47142857142857,78.51428571428572,4.034,7.738571428571428,24,5540000
2020-11-02,440,32.24285714285715,25.914285714285715,28.5,79.41428571428571,10.503,4.761428571428572,16,5540000
2020-11-09,408,30.3,25.285714285714285,27.37142857142857,83.11428571428571,10.33357142857143,8.334285714285715,16,5540000
2020-11-16,354,32.128571428571426,25.82857142857143,28.514285714285712,79.62857142857142,5.526857142857144,8.334285714285715,16,5540000
2020-11-23,258,31.8,25.385714285714283,27.514285714285712,82.45714285714287,6.162999999999999,9.522857142857143,16,5540000
2020-11-30,279,29.942857142857143,25.342857142857145,27.2,83.18571428571428,3.5014285714285713,8.334285714285715,16,5540000
2020-12-07,228,32.22857142857143,25.614285714285717,27.97142857142857,79.92857142857143,4.422,5.952857142857143,12,5540000
2020-12-14,227,32.042857142857144,24.67142857142857,27.542857142857144,79.8,20.14685714285714,11.311428571428573,12,5540000
2020-12-21,236,30.2,24.82857142857143,26.857142857142858,83.24285714285715,5.215714285714285,8.928571428571429,12,5540000
2020-12-28,196,31.7,25.114285714285717,27.8,80.88571428571429,5.577142857142857,5.357142857142857,12,5540000
2021-01-04,193,28.442857142857143,23.657142857142855,25.614285714285717,85.04285714285713,48.73199999999999,13.691428571428572,10,5570000
2021-01-04,194,28.442857142857143,23.657142857142855,25.614285714285717,85.04285714285713,48.73199999999999,13.691428571428572,10,5570000
2021-01-11,165,28.142857142857142,24.457142857142856,25.842857142857145,88.01428571428572,37.21642857142857,20.237142857142857,10,5570000
2021-01-18,151,29.714285714285715,24.428571428571427,26.542857142857144,79.3,2.2762857142857142,6.548571428571429,10,5570000
2021-01-25,135,30.642857142857142,24.142857142857142,26.599999999999998,78.60000000000001,3.9855714285714288,3.5714285714285716,10,5570000
2021-02-01,141,30.400000000000002,24.542857142857144,26.985714285714288,77.91428571428571,1.7031428571428573,4.1657142857142855,10,5570000
2021-02-08,142,31.657142857142862,25.02857142857143,27.571428571428573,73.61428571428571,0.011285714285714286,0.5957142857142858,10,5570000
2021-02-15,148,31.342857142857145,24.900000000000002,27.428571428571427,75.8,0.5571428571428572,12.5,10,5570000
2021-02-22,145,31.142857142857142,24.37142857142857,27.142857142857142,69.3,2.8428571428571425,20.83285714285714,10,5570000
2021-03-01,139,32.31428571428571,24.571428571428573,27.87142857142857,72.55714285714285,0.8474285714285713,1.1914285714285715,11,5570000
2021-03-08,145,33.17142857142857,25.071428571428573,28.400000000000002,73.60000000000001,4.718571428571429,1.7857142857142858,11,5570000
2021-03-15,129,32.0,25.25714285714286,27.8,75.22857142857143,4.566571428571429,4.762857142857143,11,5570000
2021-03-22,120,32.785714285714285,25.32857142857143,28.099999999999998,77.91428571428571,0.382,2.9785714285714286,11,5570000
2021-03-29,113,31.542857142857144,24.814285714285713,27.385714285714283,81.65714285714286,9.776857142857143,10.118571428571428,11,5570000
2021-04-05,102,32.800000000000004,25.114285714285717,28.25714285714286,78.88571428571429,17.25485714285714,8.927142857142858,10,5570000
2021-04-12,112,33.3,25.271428571428572,28.714285714285715,75.51428571428572,6.228142857142857,5.357142857142857,10,5570000
2021-04-19,128,31.657142857142855,24.642857142857142,27.457142857142856,82.05714285714285,16.471,6.548571428571429,10,5570000
2021-04-26,84,31.785714285714285,25.457142857142856,28.214285714285715,78.37142857142858,7.018142857142857,6.548571428571429,10,5570000
2021-05-03,117,32.48571428571429,25.8,28.62857142857143,79.17142857142858,0.785,2.9771428571428573,10,5570000
2021-05-10,92,31.885714285714283,25.985714285714288,28.314285714285713,80.74285714285715,3.912714285714286,5.952857142857143,10,5570000
2021-05-17,116,31.885714285714283,26.157142857142855,28.642857142857142,81.8,14.044714285714287,9.524285714285714,10,5570000
2021-05-24,130,31.52857142857143,25.599999999999998,28.271428571428572,81.14285714285714,10.125285714285715,6.547142857142857,10,5570000
2021-05-31,118,32.32857142857143,26.814285714285713,29.157142857142855,77.34285714285714,5.075,4.168571428571428,10,5570000
2021-06-07,137,32.57142857142857,26.82857142857143,29.271428571428572,78.45714285714287,0.6897142857142857,5.952857142857143,11,5570000
2021-06-14,135,31.785714285714285,25.814285714285713,28.75714285714286,76.44285714285715,3.141285714285714,5.952857142857143,11,5570000
2021-06-21,126,31.62857142857143,24.842857142857145,27.842857142857145,79.60000000000001,6.062285714285714,5.952857142857143,11,5570000
2021-06-28,112,31.485714285714288,25.342857142857145,28.185714285714287,78.39999999999999,3.076,5.357142857142857,11,5570000
2021-07-05,104,31.057142857142857,25.414285714285715,28.057142857142857,79.28571428571429,6.268428571428571,10.118571428571428,11,5570000
2021-07-12,75,31.057142857142857,25.285714285714285,27.62857142857143,82.12857142857142,10.816,8.334285714285715,11,5570000
2021-07-19,80,30.685714285714287,25.814285714285713,28.142857142857142,77.81428571428572,9.515142857142859,5.952857142857143,11,5570000
2021-07-26,82,32.94285714285714,26.728571428571428,29.7,72.57142857142857,0.36014285714285715,1.19,11,5570000
2021-08-02,70,32.08571428571428,26.228571428571428,29.214285714285715,72.4857142857143,4.178857142857143,2.9757142857142855,9,5570000
2021-08-09,81,31.87142857142857,25.2,28.385714285714283,78.02857142857142,1.6062857142857143,5.95,9,5570000
2021-08-16,56,31.657142857142855,25.900000000000002,28.32857142857143,77.82857142857142,4.097142857142857,8.331428571428571,9,5570000
2021-08-23,53,29.614285714285717,24.385714285714283,26.75714285714286,83.01428571428572,16.219,11.905714285714286,9,5570000
2021-08-30,46,29.785714285714285,24.485714285714288,26.885714285714283,83.55714285714285,12.22,10.117142857142856,9,5570000
2021-09-06,60,31.599999999999998,25.0,27.757142857142856,78.72857142857143,18.196142857142856,9.522857142857143,10,5570000
2021-09-13,74,30.87142857142857,25.514285714285712,28.25714285714286,74.3,5.187857142857142,6.548571428571429,10,5570000
2021-09-20,109,31.54285714285714,26.185714285714287,28.62857142857143,76.12857142857142,1.3935714285714285,3.5728571428571425,10,5570000
2021-09-27,105,31.842857142857145,25.642857142857142,28.400000000000002,77.22857142857143,5.940571428571429,6.547142857142857,10,5570000
2021-10-04,104,30.8,24.8,27.457142857142856,81.52857142857144,14.749714285714287,7.142857142857143,9,5570000
2021-10-11,85,32.2,26.514285714285712,29.385714285714283,72.17142857142856,4.513142857142857,4.167142857142857,9,5570000
2021-10-18,76,32.542857142857144,26.571428571428573,29.2,75.88571428571429,2.613285714285714,5.954285714285715,9,5570000
2021-10-25,75,31.814285714285713,24.942857142857143,27.442857142857143,82.14285714285714,9.515428571428572,8.334285714285715,9,5570000
2021-11-01,59,31.87142857142857,25.74285714285714,28.25714285714286,78.18571428571428,5.683714285714286,8.930000000000001,6,5570000
2021-11-08,42,31.17142857142857,24.785714285714285,26.914285714285715,86.51428571428572,12.747285714285715,11.905714285714286,6,5570000
2021-11-15,56,31.114285714285717,24.62857142857143,27.457142857142856,82.3,6.155,13.097142857142858,6,5570000
2021-11-22,63,31.557142857142857,24.714285714285715,27.8,80.89999999999999,9.875857142857143,8.928571428571429,6,5570000
2021-11-29,48,31.514285714285712,24.914285714285715,27.771428571428572,78.01428571428572,11.700142857142856,5.952857142857143,6,5570000
2021-12-06,64,31.17142857142857,25.585714285714285,28.17142857142857,73.0,1.9592857142857143,2.9771428571428573,6,5570000
2021-12-13,61,30.942857142857143,25.514285714285712,27.571428571428573,77.97142857142856,2.082142857142857,5.952857142857143,6,5570000
2021-12-20,68,31.614285714285717,25.3,27.957142857142856,77.02857142857144,9.77057142857143,11.31,6,5570000
2021-12-27,79,31.642857142857142,25.771428571428572,27.942857142857143,80.35714285714286,2.204857142857143,6.547142857142857,6,5570000
2022-01-03,106,29.357142857142858,24.37142857142857,26.485714285714288,84.92857142857143,12.039428571428571,26.787142857142857,9,5600000
2022-01-10,146,32.01428571428571,25.485714285714288,27.914285714285715,76.82857142857142,0.7445714285714286,5.952857142857143,9,5600000
2022-01-17,178,31.842857142857145,25.271428571428572,27.957142857142856,71.2,0.32242857142857145,1.19,9,5600000
2022-01-24,169,32.028571428571425,24.985714285714288,27.785714285714285,73.11428571428571,0.5742857142857142,3.5714285714285716,9,5600000
2022-01-31,153,32.957142857142856,25.114285714285717,28.228571428571428,71.35714285714286,0.4961428571428571,0.5957142857142858,9,5600000
2022-02-07,168,31.642857142857142,25.485714285714288,27.900000000000002,76.71428571428571,2.6377142857142855,10.714285714285714,10,5600000
2022-02-14,206,30.25714285714286,24.357142857142858,26.52857142857143,82.61428571428571,10.60157142857143,23.212857142857143,10,5600000
2022-02-21,200,31.842857142857145,24.928571428571427,27.857142857142858,78.05714285714285,4.704285714285715,8.928571428571429,10,5600000
2022-02-28,263,30.685714285714287,24.614285714285717,27.157142857142855,79.47142857142858,5.984428571428572,8.928571428571429,10,5600000
2022-03-07,369,32.24285714285714,24.7,27.52857142857143,80.68571428571428,4.4750000000000005,10.120000000000001,17,5600000
2022-03-14,421,32.42857142857143,25.25714285714286,28.214285714285715,77.44285714285715,0.7497142857142858,4.167142857142857,17,5600000
2022-03-21,441,32.371428571428574,25.414285714285715,28.24285714285714,76.60000000000001,7.343714285714286,8.928571428571429,17,5600000
2022-03-28,510,33.2,25.414285714285715,28.285714285714285,79.51428571428572,12.314000000000002,10.118571428571428,17,5600000
2022-04-04,642,32.300000000000004,24.7,27.97142857142857,79.14285714285714,2.3731428571428568,5.952857142857143,32,5600000
2022-04-11,733,30.87142857142857,24.75714285714286,27.157142857142855,82.81428571428572,3.2339999999999995,5.952857142857143,32,5600000
2022-04-18,942,32.042857142857144,24.814285714285713,28.400000000000002,78.54285714285713,14.365142857142859,11.31,32,5600000
2022-04-25,1002,31.97142857142857,25.357142857142858,28.071428571428573,81.25714285714285,5.7700000000000005,7.144285714285715,32,5600000
2022-05-02,845,32.34285714285714,25.585714285714285,28.25714285714286,82.12857142857142,6.556571428571429,8.332857142857142,49,5600000
2022-05-09,1311,31.785714285714285,25.74285714285714,28.842857142857145,78.0,1.2562857142857144,8.927142857142858,49,5600000
2022-05-16,1273,32.91428571428572,26.47142857142857,29.17142857142857,77.24285714285715,3.938,5.357142857142857,49,5600000
2022-05-23,1563,32.74285714285714,26.02857142857143,28.957142857142856,77.5,4.267285714285714,5.357142857142857,49,5600000
2022-05-30,1451,33.81428571428572,26.17142857142857,29.52857142857143,71.97142857142858,6.993571428571428,3.5714285714285716,49,5600000
2022-06-06,1459,31.74285714285714,25.87142857142857,28.457142857142856,78.61428571428571,8.88342857142857,9.524285714285714,58,5600000
2022-06-13,1253,31.400000000000002,25.02857142857143,27.642857142857142,81.24285714285715,10.165000000000001,10.120000000000001,58,5600000
2022-06-20,1171,30.428571428571427,25.02857142857143,27.442857142857143,80.89999999999999,3.244142857142857,10.120000000000001,58,5600000
2022-06-27,1186,30.457142857142856,25.5,27.771428571428572,79.38571428571429,3.7082857142857146,7.142857142857143,58,5600000
2022-07-04,1164,31.785714285714285,25.842857142857145,28.542857142857144,74.21428571428571,3.045428571428571,5.357142857142857,49,5600000
2022-07-11,918,31.514285714285712,25.685714285714287,28.5,75.3,2.2112857142857143,6.547142857142857,49,5600000
2022-07-18,1035,32.05714285714286,27.071428571428573,29.285714285714285,74.61428571428571,3.737714285714286,2.9757142857142855,49,5600000
2022-07-25,1092,31.428571428571427,25.185714285714287,27.82857142857143,80.78571428571429,5.655285714285715,6.547142857142857,49,5600000
2022-08-01,894,31.585714285714285,25.785714285714285,28.3,77.97142857142856,3.588,10.118571428571428,35,5600000
2022-08-08,879,30.714285714285715,25.614285714285717,27.900000000000002,77.05714285714285,2.6822857142857144,7.738571428571428,35,5600000
2022-08-15,679,32.15714285714286,26.52857142857143,29.12857142857143,73.24285714285715,4.411714285714285,4.762857142857143,35,5600000
2022-08-22,661,31.400000000000002,25.785714285714285,28.285714285714285,76.21428571428571,3.529571428571429,6.547142857142857,35,5600000
2022-08-29,577,30.057142857142857,24.8,26.771428571428572,84.52857142857144,8.415857142857144,21.428571428571427,35,5600000
2022-09-05,569,30.957142857142856,25.87142857142857,27.785714285714285,78.91428571428571,1.596,8.927142857142856,28,5600000
2022-09-12,544,31.014285714285712,25.52857142857143,27.87142857142857,76.84285714285714,3.535,7.739999999999999,28,5600000
2022-09-19,472,30.3,25.214285714285715,27.685714285714287,76.81428571428572,1.6540000000000001,2.3814285714285717,28,5600000
2022-09-26,426,30.47142857142857,24.657142857142855,27.785714285714285,77.27142857142857,7.5967142857142855,4.762857142857143,28,5600000
2022-10-03,397,31.814285714285713,24.814285714285713,27.885714285714283,78.2,8.61657142857143,4.167142857142857,23,5600000
2022-10-10,376,30.014285714285712,24.585714285714285,26.8,82.68571428571428,1.8934285714285715,10.714285714285714,23,5600000
2022-10-17,373,31.52857142857143,24.857142857142858,27.957142857142856,75.37142857142858,5.153142857142858,11.311428571428573,23,5600000
2022-10-24,313,31.02857142857143,25.400000000000002,27.814285714285713,78.72857142857143,3.8667142857142855,8.927142857142856,23,5600000
2022-10-31,317,31.942857142857147,24.657142857142855,27.75714285714286,76.74285714285715,12.626142857142858,8.334285714285715,23,5600000
2022-11-07,294,30.5,24.52857142857143,27.2,80.65714285714286,11.187428571428573,8.334285714285715,15,5600000
2022-11-14,312,30.75714285714286,24.428571428571427,26.614285714285717,85.68571428571428,10.567142857142857,12.501428571428573,15,5600000
2022-11-21,265,31.442857142857147,24.585714285714285,27.885714285714283,76.57142857142857,4.468000000000001,9.524285714285714,15,5600000
2022-11-28,242,31.442857142857143,25.185714285714287,28.0,77.02857142857144,3.3441428571428573,7.144285714285714,15,5600000
2022-12-05,326,31.071428571428573,24.271428571428572,26.857142857142858,83.91428571428571,5.906714285714285,11.308571428571428,16,5600000
2022-12-12,289,29.985714285714288,24.37142857142857,26.685714285714287,83.27142857142857,7.659428571428571,7.740000000000001,16,5600000
2022-12-19,270,29.557142857142857,24.571428571428573,26.314285714285713,86.54285714285713,8.73,16.071428571428573,16,5600000
2022-12-26,285,30.657142857142855,24.557142857142857,26.928571428571427,78.27142857142857,1.2232857142857143,4.1657142857142855,16,5600000
