datetime,dengue_cases,tempmax,tempmin,temp,humidity,precip,precipcover,number_of_searches,total_population
2012-01-01,74,31.9,25.8,27.6,84.8,0.521,4.17,9,5312437.0
2012-01-08,64,30.714285714285715,25.02857142857143,27.314285714285713,81.32857142857142,3.3857142857142857,4.167142857142857,9,5312437.0
2012-01-15,60,30.085714285714285,24.185714285714287,26.857142857142858,82.95714285714287,3.2982857142857145,7.738571428571428,9,5312437.0
2012-01-22,50,31.714285714285715,24.928571428571427,27.32857142857143,84.64285714285714,3.414142857142857,4.167142857142857,9,5312437.0
2012-01-29,84,30.842857142857145,24.52857142857143,27.085714285714285,79.82857142857142,1.1394285714285712,2.9771428571428573,9,5312437.0
2012-02-05,87,30.2,24.3,26.785714285714285,84.95714285714287,7.081142857142857,4.1657142857142855,10,5312437.0
2012-02-12,65,32.25714285714286,24.87142857142857,27.857142857142858,78.02857142857144,0.0,0.0,10,5312437.0
2012-02-19,50,31.3,24.657142857142855,27.014285714285712,84.17142857142858,4.7377142857142855,3.5728571428571425,10,5312437.0
2012-02-26,55,32.2,25.599999999999998,28.114285714285717,81.0,0.26857142857142857,1.7871428571428571,10,5312437.0
2012-03-04,45,31.7,25.414285714285715,27.74285714285714,82.48571428571428,3.4887142857142863,6.547142857142857,11,5312437.0
2012-03-11,64,30.62857142857143,24.714285714285715,27.414285714285715,82.91428571428571,5.577142857142857,7.738571428571428,11,5312437.0
2012-03-18,72,30.699999999999996,24.657142857142855,26.97142857142857,83.72857142857143,10.376142857142858,6.547142857142857,11,5312437.0
2012-03-25,48,32.114285714285714,25.17142857142857,27.885714285714283,83.21428571428571,0.8681428571428571,2.9771428571428573,11,5312437.0
2012-04-01,52,31.885714285714283,24.857142857142858,27.585714285714285,82.27142857142857,11.896714285714285,4.167142857142857,10,5312437.0
2012-04-08,81,31.614285714285717,24.37142857142857,27.514285714285712,82.2,3.869428571428571,3.5714285714285716,10,5312437.0
2012-04-15,77,31.37142857142857,25.071428571428573,27.571428571428573,84.8,19.149714285714285,5.951428571428571,10,5312437.0
2012-04-22,64,31.54285714285714,25.47142857142857,28.099999999999998,82.27142857142857,5.753571428571428,5.951428571428571,10,5312437.0
2012-04-29,86,32.67142857142857,25.771428571428572,28.87142857142857,78.88571428571429,0.7062857142857144,3.5728571428571425,10,5312437.0
2012-05-06,96,31.942857142857147,25.0,28.142857142857142,82.64285714285714,14.94542857142857,5.952857142857143,11,5312437.0
2012-05-13,80,32.42857142857143,24.585714285714285,28.25714285714286,80.54285714285713,6.7628571428571425,5.951428571428571,11,5312437.0
2012-05-20,80,32.48571428571428,25.842857142857145,29.085714285714285,78.61428571428571,6.461714285714286,2.9757142857142855,11,5312437.0
2012-05-27,81,31.585714285714285,25.685714285714287,28.62857142857143,79.51428571428572,5.040142857142857,3.5714285714285716,11,5312437.0
2012-06-03,99,31.785714285714285,25.985714285714288,28.614285714285717,80.81428571428572,4.906,2.9757142857142855,13,5312437.0
2012-06-10,87,32.08571428571428,26.3,29.042857142857144,77.2,4.921285714285714,4.168571428571428,13,5312437.0
2012-06-17,128,32.47142857142857,27.057142857142857,29.728571428571428,73.97142857142856,0.0,0.0,13,5312437.0
2012-06-24,151,32.4,26.657142857142855,29.17142857142857,75.91428571428571,0.124,0.5957142857142858,13,5312437.0
2012-07-01,140,31.585714285714285,26.457142857142856,28.714285714285715,76.38571428571429,1.1675714285714285,1.7871428571428571,14,5312437.0
2012-07-08,131,30.3,24.771428571428572,27.5,81.92857142857143,9.217428571428572,7.142857142857143,14,5312437.0
2012-07-15,124,30.557142857142857,26.099999999999998,27.87142857142857,81.31428571428572,4.365714285714286,5.357142857142857,14,5312437.0
2012-07-22,110,30.928571428571427,25.428571428571427,27.728571428571428,81.48571428571428,3.7217142857142855,4.762857142857143,14,5312437.0
2012-07-29,94,32.07142857142857,26.3,29.02857142857143,73.51428571428572,0.0,0.0,14,5312437.0
2012-08-05,127,31.228571428571428,26.3,28.442857142857143,77.38571428571429,2.9257142857142857,3.5728571428571425,10,5312437.0
2012-08-12,115,31.728571428571428,26.071428571428573,28.771428571428572,74.57142857142857,0.0,0.0,10,5312437.0
2012-08-19,92,31.485714285714288,25.985714285714288,28.571428571428573,76.47142857142856,3.8445714285714283,2.9757142857142855,10,5312437.0
2012-08-26,102,31.3,25.942857142857143,28.342857142857145,77.32857142857142,3.868,1.1914285714285715,10,5312437.0
2012-09-02,75,30.185714285714287,25.32857142857143,27.52857142857143,82.2,4.117857142857143,4.761428571428572,11,5312437.0
2012-09-09,73,31.32857142857143,25.071428571428573,27.7,80.28571428571429,8.259428571428572,4.761428571428572,11,5312437.0
2012-09-16,72,31.314285714285713,26.02857142857143,28.485714285714288,75.60000000000001,0.248,0.5957142857142858,11,5312437.0
2012-09-23,99,32.357142857142854,26.057142857142857,28.74285714285714,77.17142857142858,0.0,0.0,11,5312437.0
2012-09-30,103,32.05714285714286,24.985714285714288,28.25714285714286,77.24285714285715,4.933857142857143,5.357142857142857,11,5312437.0
2012-10-07,122,32.5,25.82857142857143,28.74285714285714,75.77142857142857,2.1084285714285715,1.1914285714285715,13,5312437.0
2012-10-14,105,32.285714285714285,25.457142857142856,28.071428571428573,79.22857142857143,4.9761428571428565,3.5700000000000003,13,5312437.0
2012-10-21,84,31.12857142857143,24.91428571428571,27.114285714285717,84.64285714285714,6.900571428571429,10.712857142857143,13,5312437.0
2012-10-28,104,33.471428571428575,25.885714285714283,29.114285714285717,73.7,0.06914285714285714,0.5957142857142858,13,5312437.0
2012-11-04,99,31.642857142857142,25.0,27.5,80.38571428571429,3.6750000000000003,7.738571428571428,11,5312437.0
2012-11-11,87,31.457142857142856,25.271428571428572,27.52857142857143,82.78571428571429,4.399857142857143,6.548571428571429,11,5312437.0
2012-11-18,99,31.957142857142856,25.0,27.47142857142857,83.31428571428572,5.232428571428572,5.357142857142857,11,5312437.0
2012-11-25,80,31.285714285714285,25.114285714285717,27.542857142857144,83.15714285714286,13.108,7.142857142857143,11,5312437.0
2012-12-02,78,31.714285714285715,25.157142857142855,27.8,82.92857142857143,1.254714285714286,3.5728571428571425,10,5312437.0
2012-12-09,104,31.571428571428573,24.942857142857143,27.47142857142857,81.82857142857142,8.659857142857144,6.547142857142857,10,5312437.0
2012-12-16,92,31.228571428571428,24.52857142857143,26.842857142857145,85.95714285714287,15.143857142857142,14.87857142857143,10,5312437.0
2012-12-23,111,31.25714285714286,24.542857142857144,27.02857142857143,85.04285714285713,9.464,10.715714285714286,10,5312437.0
2012-12-30,132,30.099999999999998,25.02857142857143,27.057142857142857,83.57142857142857,1.8277142857142858,6.547142857142857,10,5312437.0
2013-01-06,204,31.7,24.485714285714288,27.385714285714283,82.64285714285714,21.14085714285714,5.952857142857143,15,5399162.0
2013-01-13,219,32.385714285714286,25.185714285714287,27.814285714285713,78.54285714285713,11.073142857142857,4.167142857142857,15,5399162.0
2013-01-20,264,29.728571428571428,24.87142857142857,26.728571428571428,81.45714285714287,17.175,10.714285714285714,15,5399162.0
2013-01-27,292,30.97142857142857,24.728571428571428,27.357142857142858,79.24285714285715,0.6662857142857144,3.5714285714285716,15,5399162.0
2013-02-03,322,31.328571428571426,25.357142857142858,27.814285714285713,76.67142857142858,5.051571428571428,2.9757142857142855,21,5399162.0
2013-02-10,246,29.928571428571427,24.357142857142858,26.47142857142857,87.41428571428571,9.495571428571427,11.308571428571428,21,5399162.0
2013-02-17,294,29.228571428571428,24.271428571428572,26.02857142857143,87.82857142857142,17.83,10.714285714285714,21,5399162.0
2013-02-24,247,31.099999999999998,25.014285714285712,27.557142857142857,78.67142857142858,2.5662857142857143,4.761428571428572,21,5399162.0
2013-03-03,272,32.385714285714286,25.185714285714287,28.014285714285712,82.35714285714286,14.281714285714285,8.332857142857142,19,5399162.0
2013-03-10,307,32.01428571428571,25.87142857142857,28.17142857142857,77.25714285714285,0.5559999999999999,2.3814285714285717,19,5399162.0
2013-03-17,305,33.042857142857144,25.514285714285712,28.357142857142858,77.54285714285716,0.10728571428571429,1.19,19,5399162.0
2013-03-24,314,33.34285714285714,26.32857142857143,28.957142857142856,75.48571428571428,5.047857142857143,1.7857142857142858,19,5399162.0
2013-03-31,402,33.1,26.17142857142857,28.87142857142857,79.85714285714286,2.640857142857143,2.9771428571428573,19,5399162.0
2013-04-07,491,33.2,26.47142857142857,28.82857142857143,80.18571428571428,9.416142857142857,5.36,49,5399162.0
2013-04-14,505,32.42857142857143,25.814285714285713,28.585714285714285,78.81428571428572,2.2094285714285715,3.5714285714285716,49,5399162.0
2013-04-21,536,33.114285714285714,25.685714285714287,29.071428571428573,78.38571428571429,3.4675714285714285,5.951428571428571,49,5399162.0
2013-04-28,547,31.914285714285715,25.5,28.24285714285714,81.8,4.523571428571429,5.951428571428571,49,5399162.0
2013-05-05,556,31.985714285714288,26.599999999999998,28.771428571428572,81.44285714285715,1.2072857142857143,3.5714285714285716,49,5399162.0
2013-05-12,611,32.55714285714286,25.82857142857143,28.400000000000002,83.21428571428571,10.898142857142858,6.547142857142857,49,5399162.0
2013-05-19,637,32.957142857142856,26.442857142857143,29.271428571428572,78.05714285714285,5.890142857142857,4.762857142857143,49,5399162.0
2013-05-26,742,32.128571428571426,26.057142857142857,28.47142857142857,81.55714285714285,4.0677142857142865,4.761428571428572,49,5399162.0
2013-06-02,813,32.51428571428571,25.17142857142857,28.228571428571428,80.08571428571429,5.759857142857143,5.355714285714286,100,5399162.0
2013-06-09,805,32.98571428571429,25.400000000000002,28.25714285714286,81.75714285714285,5.491714285714286,4.168571428571428,100,5399162.0
2013-06-16,838,33.714285714285715,27.52857142857143,30.457142857142856,68.07142857142857,2.993142857142857,1.1914285714285715,100,5399162.0
2013-06-23,802,34.48571428571429,27.2,30.599999999999998,62.05714285714286,0.2302857142857143,1.19,100,5399162.0
2013-06-30,676,32.457142857142856,26.485714285714288,29.25714285714286,75.81428571428572,1.3548571428571428,2.9771428571428573,100,5399162.0
2013-07-07,540,31.6,26.17142857142857,28.557142857142857,76.34285714285714,3.603857142857143,4.761428571428572,46,5399162.0
2013-07-14,389,30.942857142857143,25.385714285714283,27.957142857142856,79.81428571428572,6.227142857142858,7.738571428571428,46,5399162.0
2013-07-21,305,31.814285714285713,25.685714285714287,28.014285714285712,79.11428571428571,6.143142857142856,6.547142857142857,46,5399162.0
2013-07-28,288,31.785714285714285,25.614285714285717,28.342857142857145,78.47142857142856,6.317428571428572,4.762857142857143,46,5399162.0
2013-08-04,255,30.985714285714288,25.02857142857143,28.214285714285715,77.51428571428572,3.3337142857142856,4.167142857142857,29,5399162.0
2013-08-11,378,30.985714285714288,24.599999999999998,27.82857142857143,79.45714285714287,13.192285714285715,7.1414285714285715,29,5399162.0
2013-08-18,338,31.057142857142857,25.085714285714285,28.02857142857143,79.28571428571429,1.6124285714285715,2.9757142857142855,29,5399162.0
2013-08-25,382,31.914285714285715,26.342857142857145,28.785714285714285,74.52857142857144,1.4401428571428574,2.9771428571428573,29,5399162.0
2013-09-01,449,31.714285714285715,26.085714285714285,28.400000000000002,77.64285714285714,1.1921428571428572,2.9757142857142855,27,5399162.0
2013-09-08,337,29.885714285714283,23.942857142857143,26.757142857142856,83.98571428571428,13.02442857142857,10.714285714285714,27,5399162.0
2013-09-15,370,30.085714285714285,25.314285714285713,27.47142857142857,81.45714285714287,5.6778571428571425,7.1414285714285715,27,5399162.0
2013-09-22,402,32.01428571428571,26.271428571428572,28.842857142857145,77.8,2.7285714285714286,1.19,27,5399162.0
2013-09-29,439,31.8,25.114285714285717,28.457142857142856,77.95714285714287,10.740714285714287,2.9757142857142855,27,5399162.0
2013-10-06,435,31.74285714285714,25.042857142857144,28.37142857142857,75.68571428571428,1.4084285714285714,6.547142857142857,34,5399162.0
2013-10-13,371,32.271428571428565,25.414285714285715,28.642857142857142,75.31428571428572,3.7704285714285715,4.761428571428572,34,5399162.0
2013-10-20,495,31.857142857142858,25.071428571428573,28.32857142857143,79.61428571428573,26.313714285714287,7.142857142857143,34,5399162.0
2013-10-27,457,32.042857142857144,24.771428571428572,27.8,79.78571428571429,0.5532857142857143,1.7857142857142858,34,5399162.0
2013-11-03,401,31.885714285714283,24.942857142857143,27.37142857142857,84.27142857142857,8.557857142857143,2.382857142857143,34,5399162.0
2013-11-10,442,31.942857142857143,24.842857142857145,27.52857142857143,83.71428571428571,11.720428571428572,7.737142857142857,34,5399162.0
2013-11-17,365,30.657142857142855,24.642857142857142,27.085714285714285,85.55714285714285,4.708857142857143,6.548571428571429,34,5399162.0
2013-11-24,372,31.857142857142858,24.900000000000002,28.071428571428573,80.41428571428571,2.3514285714285714,5.357142857142857,34,5399162.0
2013-12-01,347,31.5,25.142857142857142,27.271428571428572,86.87142857142858,11.013142857142856,10.120000000000001,25,5399162.0
2013-12-08,380,29.571428571428573,24.157142857142855,26.02857142857143,90.01428571428572,24.557285714285715,10.120000000000001,25,5399162.0
2013-12-15,371,31.82857142857143,24.47142857142857,27.400000000000002,85.12857142857142,4.737571428571428,4.761428571428572,25,5399162.0
2013-12-22,414,31.514285714285712,23.771428571428572,27.142857142857142,82.84285714285714,10.620142857142858,5.951428571428572,25,5399162.0
2013-12-29,436,29.599999999999998,25.085714285714285,26.900000000000002,83.7,0.6448571428571429,3.5728571428571425,25,5399162.0
2014-01-05,479,29.414285714285715,24.74285714285714,26.814285714285713,85.8,4.044142857142857,7.738571428571428,27,5469724.0
2014-01-12,401,30.157142857142855,24.52857142857143,26.785714285714285,85.81428571428572,7.105571428571429,5.954285714285715,27,5469724.0
2014-01-19,336,29.3,24.400000000000002,26.52857142857143,76.85714285714286,0.0,0.0,27,5469724.0
2014-01-26,234,29.114285714285717,23.67142857142857,25.928571428571427,74.7,0.0,0.0,27,5469724.0
2014-02-02,273,30.457142857142856,23.342857142857145,26.25714285714286,72.94285714285715,0.0,0.0,25,5469724.0
2014-02-09,369,31.771428571428572,23.642857142857142,26.814285714285713,75.7,0.024857142857142855,0.5957142857142858,25,5469724.0
2014-02-16,193,32.028571428571425,25.2,27.87142857142857,76.3,0.0,0.0,25,5469724.0
2014-02-23,186,31.814285714285713,25.085714285714285,27.785714285714285,74.08571428571429,0.0,0.0,25,5469724.0
2014-03-02,209,31.957142857142856,24.599999999999998,27.585714285714285,72.12857142857142,0.0,0.0,20,5469724.0
2014-03-09,224,32.84285714285714,24.514285714285712,27.857142857142858,71.75714285714285,0.0,0.0,20,5469724.0
2014-03-16,210,32.42857142857143,25.114285714285717,28.071428571428573,74.87142857142858,6.474142857142858,2.3814285714285717,20,5469724.0
2014-03-23,225,31.74285714285714,25.185714285714287,27.542857142857144,81.11428571428571,1.5627142857142857,3.5714285714285716,20,5469724.0
2014-03-30,240,32.971428571428575,25.771428571428572,28.771428571428572,76.85714285714286,0.05442857142857143,1.1914285714285715,20,5469724.0
2014-04-06,244,31.97142857142857,26.157142857142855,28.728571428571428,78.10000000000001,2.8322857142857143,2.3814285714285717,20,5469724.0
2014-04-13,235,32.7,25.32857142857143,28.24285714285714,78.25714285714285,3.4684285714285714,5.951428571428571,20,5469724.0
2014-04-20,282,32.385714285714286,26.071428571428573,28.614285714285717,79.10000000000001,3.671285714285714,2.3814285714285717,20,5469724.0
2014-04-27,251,33.357142857142854,25.571428571428573,28.571428571428573,80.24285714285715,0.893,2.3814285714285717,20,5469724.0
2014-05-04,261,33.17142857142857,26.400000000000002,29.3,77.82857142857142,2.422285714285714,4.762857142857143,20,5469724.0
2014-05-11,291,33.18571428571429,26.485714285714288,29.24285714285714,78.8,3.8695714285714287,3.5728571428571425,20,5469724.0
2014-05-18,427,31.928571428571427,26.099999999999998,28.857142857142858,78.24285714285715,6.995142857142857,4.168571428571428,20,5469724.0
2014-05-25,456,32.4,25.442857142857143,28.271428571428572,81.5,1.8822857142857143,4.761428571428572,20,5469724.0
2014-06-01,458,32.17142857142857,26.571428571428573,28.914285714285715,79.05714285714285,4.864428571428571,5.357142857142857,28,5469724.0
2014-06-08,506,31.314285714285717,26.342857142857145,28.614285714285717,82.0,2.597857142857143,7.142857142857143,28,5469724.0
2014-06-15,550,33.15714285714286,26.428571428571427,29.67142857142857,77.24285714285713,3.0901428571428573,4.167142857142857,28,5469724.0
2014-06-22,671,33.871428571428574,27.25714285714286,30.400000000000002,72.28571428571429,0.7194285714285714,1.7857142857142858,28,5469724.0
2014-06-29,888,32.51428571428571,26.5,29.442857142857143,74.28571428571429,0.124,0.5957142857142858,28,5469724.0
2014-07-06,818,31.342857142857145,26.02857142857143,28.585714285714285,79.77142857142857,3.0509999999999997,4.761428571428572,45,5469724.0
2014-07-13,744,31.8,25.271428571428572,28.52857142857143,79.04285714285713,6.910285714285714,6.547142857142857,45,5469724.0
2014-07-20,633,32.614285714285714,27.12857142857143,29.542857142857144,75.98571428571428,1.0665714285714285,1.1914285714285715,45,5469724.0
2014-07-27,484,32.75714285714285,26.942857142857143,29.8,73.58571428571429,3.472714285714286,0.5957142857142858,45,5469724.0
2014-08-03,545,31.685714285714287,25.842857142857145,28.571428571428573,79.11428571428571,5.754714285714286,3.5714285714285716,34,5469724.0
2014-08-10,438,30.74285714285714,26.157142857142855,28.24285714285714,77.54285714285713,2.529857142857143,4.762857142857143,34,5469724.0
2014-08-17,418,29.885714285714283,25.385714285714283,27.45714285714286,80.22857142857143,5.606,4.1657142857142855,34,5469724.0
2014-08-24,367,31.47142857142857,26.099999999999998,28.357142857142858,78.5,3.1332857142857145,4.167142857142857,34,5469724.0
2014-08-31,339,30.585714285714285,24.457142857142856,27.285714285714285,81.34285714285714,17.239714285714285,6.545714285714285,34,5469724.0
2014-09-07,362,32.08571428571429,25.32857142857143,28.47142857142857,75.10000000000001,1.2155714285714285,1.7857142857142858,23,5469724.0
2014-09-14,396,32.17142857142857,25.97142857142857,28.842857142857145,75.72857142857143,0.6201428571428572,1.7871428571428571,23,5469724.0
2014-09-21,344,32.34285714285714,26.52857142857143,29.114285714285717,73.68571428571428,3.8957142857142855,1.19,23,5469724.0
2014-09-28,339,32.6,25.87142857142857,28.928571428571427,73.5,4.030571428571428,2.9757142857142855,23,5469724.0
2014-10-05,278,32.17142857142857,26.02857142857143,29.014285714285712,73.48571428571428,0.7441428571428571,1.19,20,5469724.0
2014-10-12,297,32.5,26.957142857142856,29.37142857142857,71.75714285714285,0.02428571428571429,0.5957142857142858,20,5469724.0
2014-10-19,213,32.75714285714286,25.62857142857143,28.5,78.39999999999999,4.638428571428571,3.5714285714285716,20,5469724.0
2014-10-26,186,32.2,25.814285714285713,28.657142857142855,76.3,1.2401428571428572,3.5714285714285716,20,5469724.0
2014-11-02,168,32.91428571428571,25.814285714285713,28.67142857142857,77.74285714285715,8.681714285714285,4.761428571428572,16,5469724.0
2014-11-09,158,32.285714285714285,25.02857142857143,28.085714285714285,78.57142857142857,12.104857142857144,8.928571428571429,16,5469724.0
2014-11-16,149,32.142857142857146,24.985714285714288,27.400000000000002,81.88571428571427,12.143285714285714,8.331428571428571,16,5469724.0
2014-11-23,162,31.428571428571427,25.37142857142857,27.47142857142857,84.18571428571428,1.7247142857142859,5.358571428571429,16,5469724.0
2014-11-30,212,31.928571428571427,25.3,27.82857142857143,81.97142857142856,5.609000000000001,6.547142857142857,16,5469724.0
2014-12-07,177,31.614285714285717,24.87142857142857,27.728571428571428,79.72857142857143,13.32042857142857,5.951428571428571,16,5469724.0
2014-12-14,198,32.042857142857144,25.8,28.32857142857143,76.42857142857143,0.24442857142857144,1.1914285714285715,16,5469724.0
2014-12-21,188,30.8,25.314285714285713,27.271428571428572,83.81428571428572,5.057571428571428,7.142857142857143,16,5469724.0
2014-12-28,158,30.0,24.642857142857142,26.67142857142857,86.24285714285715,11.851142857142857,8.930000000000001,16,5469724.0
2015-01-04,256,29.37142857142857,24.7,26.771428571428572,78.47142857142856,0.31828571428571434,2.3814285714285717,16,5535002.0
2015-01-11,228,30.785714285714285,24.8,26.8,82.04285714285713,9.699,6.545714285714285,16,5535002.0
2015-01-18,237,31.514285714285712,24.5,27.571428571428573,73.51428571428572,0.0,0.0,16,5535002.0
2015-01-25,259,30.342857142857145,24.685714285714287,26.957142857142856,75.10000000000001,0.0,0.0,16,5535002.0
2015-02-01,212,31.285714285714285,24.52857142857143,27.2,74.8,0.0,0.0,14,5535002.0
2015-02-08,173,29.400000000000002,24.342857142857138,26.514285714285712,78.04285714285713,1.8158571428571426,4.762857142857143,14,5535002.0
2015-02-15,99,31.12857142857143,24.085714285714285,26.87142857142857,72.52857142857142,0.0,0.0,14,5535002.0
2015-02-22,172,32.042857142857144,24.599999999999998,27.557142857142857,75.32857142857142,0.521,1.19,14,5535002.0
2015-03-01,189,32.74285714285715,24.957142857142856,28.0,74.97142857142856,0.0,0.0,14,5535002.0
2015-03-08,110,33.042857142857144,25.385714285714283,28.314285714285713,73.88571428571429,1.7362857142857142,1.19,14,5535002.0
2015-03-15,91,31.342857142857145,25.414285714285715,27.785714285714285,75.45714285714287,5.829285714285715,1.7857142857142858,14,5535002.0
2015-03-22,129,32.98571428571429,25.62857142857143,28.428571428571427,77.37142857142858,0.7441428571428571,0.5957142857142858,14,5535002.0
2015-03-29,90,32.114285714285714,26.3,28.62857142857143,76.0,1.1658571428571427,1.7857142857142858,14,5535002.0
2015-04-05,107,32.714285714285715,25.814285714285713,28.17142857142857,81.44285714285715,5.482142857142857,4.761428571428572,15,5535002.0
2015-04-12,137,33.18571428571428,26.428571428571427,29.099999999999998,76.31428571428572,0.2977142857142857,1.7857142857142858,15,5535002.0
2015-04-19,113,33.7,26.37142857142857,29.52857142857143,72.32857142857144,0.124,1.1914285714285715,15,5535002.0
2015-04-26,120,33.41428571428572,26.0,28.599999999999998,76.38571428571429,2.8774285714285717,2.9757142857142855,15,5535002.0
2015-05-03,135,31.942857142857143,25.271428571428572,27.957142857142856,81.32857142857142,4.855857142857142,4.762857142857143,17,5535002.0
2015-05-10,157,32.72857142857143,26.74285714285714,28.97142857142857,78.24285714285715,1.3892857142857142,2.382857142857143,17,5535002.0
2015-05-17,109,32.44285714285714,26.74285714285714,29.099999999999998,78.27142857142857,3.572,2.3814285714285717,17,5535002.0
2015-05-24,178,31.685714285714287,26.62857142857143,28.8,80.08571428571429,1.3464285714285715,3.5714285714285716,17,5535002.0
2015-05-31,151,32.714285714285715,26.985714285714288,29.400000000000002,75.31428571428572,0.248,1.7857142857142858,17,5535002.0
2015-06-07,192,33.357142857142854,26.75714285714286,29.25714285714286,75.75714285714285,7.2418571428571425,4.168571428571428,18,5535002.0
2015-06-14,207,31.285714285714285,26.25714285714286,28.314285714285713,79.10000000000001,4.192142857142857,4.762857142857143,18,5535002.0
2015-06-21,240,31.785714285714285,26.857142857142858,29.099999999999998,75.71428571428571,0.5457142857142857,1.1914285714285715,18,5535002.0
2015-06-28,242,33.114285714285714,27.97142857142857,30.17142857142857,70.97142857142858,1.6122857142857143,0.5957142857142858,18,5535002.0
2015-07-05,272,31.900000000000002,26.32857142857143,29.342857142857145,73.45714285714287,3.5222857142857142,2.3814285714285717,20,5535002.0
2015-07-12,263,32.27142857142857,26.714285714285715,29.457142857142856,74.81428571428572,4.167285714285715,2.382857142857143,20,5535002.0
2015-07-19,293,32.24285714285714,27.157142857142855,29.5,76.21428571428571,6.002857142857143,2.3814285714285717,20,5535002.0
2015-07-26,250,32.68571428571429,27.17142857142857,29.514285714285712,72.44285714285715,0.521,1.7857142857142858,20,5535002.0
2015-08-02,226,32.285714285714285,26.37142857142857,28.714285714285715,73.42857142857143,0.4215714285714286,2.9757142857142855,16,5535002.0
2015-08-09,221,30.37142857142857,24.685714285714287,27.62857142857143,80.84285714285714,12.055428571428573,7.1414285714285715,16,5535002.0
2015-08-16,250,31.62857142857143,26.657142857142855,28.771428571428572,78.22857142857143,7.2777142857142865,4.167142857142857,16,5535002.0
2015-08-23,225,32.285714285714285,27.02857142857143,29.285714285714285,72.77142857142857,0.0,0.0,16,5535002.0
2015-08-30,246,32.3,27.057142857142857,29.2,74.11428571428571,2.867142857142857,2.3814285714285717,16,5535002.0
2015-09-06,217,32.48571428571429,27.228571428571428,29.5,71.81428571428572,0.05342857142857143,1.19,18,5535002.0
2015-09-13,303,32.01428571428571,26.114285714285717,28.857142857142858,72.21428571428571,2.2324285714285717,1.19,18,5535002.0
2015-09-20,214,31.642857142857142,26.714285714285715,28.785714285714285,77.10000000000001,4.465,2.38,18,5535002.0
2015-09-27,257,32.44285714285714,26.82857142857143,29.157142857142855,73.54285714285713,0.6450000000000001,1.1914285714285715,18,5535002.0
2015-10-04,235,32.31428571428571,25.585714285714285,28.585714285714285,77.92857142857143,3.6432857142857142,4.1657142857142855,17,5535002.0
2015-10-11,235,32.67142857142857,26.214285714285715,28.928571428571427,75.75714285714285,2.455714285714286,2.3814285714285717,17,5535002.0
2015-10-18,224,33.31428571428571,26.785714285714285,29.599999999999998,71.71428571428571,1.3501428571428573,1.7857142857142858,17,5535002.0
2015-10-25,246,32.871428571428574,27.1,29.599999999999998,72.89999999999999,1.4867142857142857,1.7857142857142858,17,5535002.0
2015-11-01,266,32.57142857142857,25.52857142857143,28.485714285714288,76.45714285714287,5.315428571428571,8.334285714285715,17,5535002.0
2015-11-08,198,32.357142857142854,25.857142857142858,28.414285714285715,78.01428571428572,1.6625714285714286,5.357142857142857,17,5535002.0
2015-11-15,254,32.271428571428565,25.87142857142857,28.314285714285713,79.51428571428572,1.562857142857143,3.5728571428571425,17,5535002.0
2015-11-22,285,31.714285714285715,25.685714285714283,28.142857142857142,79.84285714285714,2.0374285714285714,5.952857142857143,17,5535002.0
2015-11-29,259,32.57142857142857,25.385714285714283,28.142857142857142,80.02857142857144,5.149857142857143,10.118571428571428,17,5535002.0
2015-12-06,356,32.65714285714286,25.47142857142857,28.014285714285712,83.18571428571428,8.273571428571428,5.951428571428571,23,5535002.0
2015-12-13,333,31.771428571428572,25.442857142857143,27.87142857142857,83.97142857142856,16.46014285714286,11.904285714285715,23,5535002.0
2015-12-20,372,31.614285714285717,25.87142857142857,28.228571428571428,76.07142857142857,1.3365714285714285,4.1657142857142855,23,5535002.0
2015-12-27,458,32.34285714285714,25.657142857142855,28.47142857142857,77.8,9.089285714285714,4.167142857142857,23,5535002.0
2016-01-03,549,30.0,24.942857142857143,27.228571428571428,84.82857142857142,18.99742857142857,19.047142857142855,42,5607283.0
2016-01-10,628,32.7,26.2,28.914285714285715,77.77142857142857,0.4228571428571429,2.3814285714285717,42,5607283.0
2016-01-17,635,32.77142857142857,26.52857142857143,28.728571428571428,79.72857142857143,7.136,7.142857142857143,42,5607283.0
2016-01-24,629,32.285714285714285,26.685714285714283,28.8,78.39999999999999,0.8257142857142857,5.357142857142857,42,5607283.0
2016-01-31,528,32.58571428571428,26.442857142857143,28.8,77.7,1.124142857142857,5.3585714285714285,42,5607283.0
2016-02-07,420,31.585714285714285,26.099999999999998,28.47142857142857,78.94285714285715,7.386714285714285,8.928571428571429,43,5607283.0
2016-02-14,592,30.957142857142856,25.8,27.928571428571427,80.02857142857144,1.211857142857143,4.1657142857142855,43,5607283.0
2016-02-21,508,30.914285714285715,25.47142857142857,27.771428571428572,79.45714285714287,10.114714285714285,11.308571428571428,43,5607283.0
2016-02-28,412,31.728571428571428,25.599999999999998,28.2,76.39999999999999,9.046714285714286,2.3814285714285717,43,5607283.0
2016-03-06,396,32.34285714285714,26.62857142857143,28.885714285714283,75.91428571428571,0.08628571428571429,3.5700000000000003,29,5607283.0
2016-03-13,373,33.3,26.585714285714285,29.157142857142855,77.75714285714285,1.0225714285714285,3.5714285714285716,29,5607283.0
2016-03-20,306,33.385714285714286,26.37142857142857,29.25714285714286,74.02857142857144,0.6734285714285715,1.7871428571428571,29,5607283.0
2016-03-27,376,33.57142857142857,26.985714285714288,29.414285714285715,75.12857142857142,0.8168571428571428,4.762857142857143,29,5607283.0
2016-04-03,290,33.65714285714286,26.714285714285715,29.62857142857143,71.81428571428572,0.9677142857142857,1.7857142857142858,22,5607283.0
2016-04-10,225,34.3,26.771428571428572,29.614285714285717,75.47142857142856,1.7344285714285712,2.9757142857142855,22,5607283.0
2016-04-17,231,34.128571428571426,27.428571428571427,30.114285714285717,75.34285714285714,3.371,4.762857142857143,22,5607283.0
2016-04-24,244,34.042857142857144,27.785714285714285,30.2,74.11428571428571,2.1119999999999997,4.168571428571428,22,5607283.0
2016-05-01,181,33.18571428571428,26.642857142857142,29.142857142857142,79.31428571428572,5.1654285714285715,7.738571428571428,21,5607283.0
2016-05-08,217,34.385714285714286,27.728571428571428,30.228571428571428,74.95714285714287,0.7447142857142858,2.9785714285714286,21,5607283.0
2016-05-15,212,33.25714285714286,26.900000000000002,29.37142857142857,79.57142857142857,3.543142857142857,6.548571428571429,21,5607283.0
2016-05-22,198,32.92857142857143,26.185714285714287,29.114285714285717,80.91428571428571,16.799,7.738571428571428,21,5607283.0
2016-05-29,219,33.042857142857144,26.957142857142856,29.87142857142857,75.77142857142857,4.238714285714286,2.9757142857142855,21,5607283.0
2016-06-05,159,31.900000000000002,25.957142857142856,28.47142857142857,79.7,2.5267142857142857,8.332857142857144,21,5607283.0
2016-06-12,192,32.24285714285714,26.857142857142858,29.02857142857143,78.87142857142858,3.1237142857142857,6.547142857142857,21,5607283.0
2016-06-19,215,31.085714285714285,25.97142857142857,28.228571428571428,79.92857142857143,8.303714285714285,9.524285714285714,21,5607283.0
2016-06-26,234,31.857142857142858,26.071428571428573,28.685714285714287,77.24285714285715,9.010571428571428,7.142857142857143,21,5607283.0
2016-07-03,246,33.44285714285714,27.8,30.342857142857145,71.97142857142858,0.26357142857142857,0.5957142857142858,22,5607283.0
2016-07-10,223,33.142857142857146,27.24285714285714,29.985714285714288,72.3,1.1735714285714285,2.9771428571428573,22,5607283.0
2016-07-17,266,31.385714285714283,25.74285714285714,28.37142857142857,79.87142857142858,1.185142857142857,10.118571428571428,22,5607283.0
2016-07-24,221,30.914285714285715,24.657142857142855,27.457142857142856,82.82857142857142,19.647714285714283,14.878571428571428,22,5607283.0
2016-07-31,211,31.400000000000002,25.657142857142855,28.271428571428572,78.25714285714285,1.0031428571428571,7.142857142857143,22,5607283.0
2016-08-07,197,32.32857142857143,26.014285714285712,29.014285714285712,74.5,4.562428571428572,3.5714285714285716,23,5607283.0
2016-08-14,221,32.92857142857143,27.52857142857143,29.885714285714283,71.82857142857144,1.082,4.167142857142857,23,5607283.0
2016-08-21,274,32.471428571428575,26.47142857142857,29.542857142857144,74.5,7.392571428571429,4.761428571428572,23,5607283.0
2016-08-28,310,32.67142857142857,26.97142857142857,29.557142857142857,72.37142857142858,3.9098571428571427,4.168571428571428,23,5607283.0
2016-09-04,242,32.357142857142854,26.085714285714285,28.82857142857143,76.58571428571429,4.707428571428571,7.142857142857143,26,5607283.0
2016-09-11,174,31.928571428571427,25.685714285714287,28.685714285714287,76.45714285714287,5.170571428571429,7.142857142857143,26,5607283.0
2016-09-18,173,31.985714285714284,24.728571428571428,28.47142857142857,77.10000000000001,7.6240000000000006,6.548571428571429,26,5607283.0
2016-09-25,138,32.81428571428571,25.4,28.97142857142857,72.85714285714286,4.6044285714285715,3.5714285714285716,26,5607283.0
2016-10-02,125,33.714285714285715,26.02857142857143,29.485714285714288,69.54285714285714,0.9794285714285714,2.3814285714285717,16,5607283.0
2016-10-09,94,31.97142857142857,25.357142857142858,28.428571428571427,74.65714285714286,12.763142857142856,6.548571428571429,16,5607283.0
2016-10-16,108,33.614285714285714,26.7,29.957142857142856,68.57142857142857,1.1721428571428572,4.761428571428572,16,5607283.0
2016-10-23,84,32.44285714285714,26.214285714285715,29.214285714285715,73.27142857142857,3.7111428571428573,7.144285714285714,16,5607283.0
2016-10-30,85,31.357142857142858,24.571428571428573,27.3,82.84285714285714,8.762285714285715,8.928571428571429,16,5607283.0
2016-11-06,84,31.585714285714285,25.25714285714286,28.12857142857143,79.07142857142857,7.452857142857142,9.524285714285714,12,5607283.0
2016-11-13,72,31.7,25.385714285714283,28.014285714285712,80.84285714285714,12.878285714285713,10.714285714285714,12,5607283.0
2016-11-20,74,31.0,24.957142857142856,27.485714285714288,83.61428571428571,17.520857142857142,8.332857142857142,12,5607283.0
2016-11-27,86,31.714285714285715,25.685714285714287,28.17142857142857,79.77142857142857,1.834,5.358571428571429,12,5607283.0
2016-12-04,59,30.928571428571427,25.357142857142858,27.87142857142857,77.65714285714286,5.013142857142857,7.737142857142857,9,5607283.0
2016-12-11,81,32.41428571428571,25.62857142857143,28.32857142857143,78.85714285714286,11.800142857142857,7.738571428571428,9,5607283.0
2016-12-18,72,32.75714285714286,25.585714285714285,28.457142857142856,73.65714285714286,4.476,4.764285714285714,9,5607283.0
2016-12-25,64,32.628571428571426,25.214285714285715,27.885714285714283,77.51428571428572,16.647000000000002,10.11857142857143,9,5607283.0
2017-01-01,70,30.657142857142855,24.97142857142857,27.185714285714287,79.21428571428571,1.0641428571428573,7.142857142857143,11,5612253.0
2017-01-08,90,32.5,25.685714285714283,28.400000000000002,78.58571428571429,1.936,4.762857142857143,11,5612253.0
2017-01-15,74,32.68571428571429,25.52857142857143,28.32857142857143,79.61428571428571,5.125,4.167142857142857,11,5612253.0
2017-01-22,66,31.75714285714286,24.8,27.25714285714286,81.74285714285715,8.92,8.927142857142856,11,5612253.0
2017-01-29,62,29.099999999999998,24.485714285714288,26.400000000000002,84.47142857142856,11.843571428571428,11.904285714285715,11,5612253.0
2017-02-05,77,31.571428571428573,25.057142857142857,27.3,81.15714285714286,8.709285714285715,5.95,11,5612253.0
2017-02-12,51,31.471428571428568,25.099999999999998,27.357142857142858,78.81428571428572,5.776000000000001,6.547142857142857,11,5612253.0
2017-02-19,54,30.271428571428572,24.74285714285714,27.099999999999998,79.55714285714285,2.6804285714285716,7.740000000000001,11,5612253.0
2017-02-26,41,31.271428571428572,25.071428571428573,27.414285714285715,82.11428571428571,5.967142857142858,3.5714285714285716,11,5612253.0
2017-03-05,32,29.82857142857143,24.599999999999998,26.928571428571427,83.71428571428571,8.465285714285715,13.095714285714285,11,5612253.0
2017-03-12,34,31.814285714285713,24.87142857142857,27.614285714285717,78.28571428571429,0.7095714285714286,3.5728571428571425,11,5612253.0
2017-03-19,32,32.74285714285714,25.74285714285714,28.514285714285712,77.75714285714285,1.0575714285714286,3.5728571428571425,11,5612253.0
2017-03-26,49,32.385714285714286,25.942857142857143,28.5,77.89999999999999,3.453,5.954285714285715,11,5612253.0
2017-04-02,37,31.514285714285712,25.042857142857144,27.47142857142857,83.44285714285715,10.224,9.524285714285714,10,5612253.0
2017-04-09,32,32.542857142857144,25.342857142857145,28.542857142857144,77.92857142857143,6.689571428571428,8.928571428571429,10,5612253.0
2017-04-16,51,31.957142857142856,25.514285714285712,28.285714285714285,80.85714285714286,5.147857142857143,8.334285714285715,10,5612253.0
2017-04-23,37,32.81428571428571,25.485714285714288,28.557142857142857,79.87142857142858,6.082714285714286,5.357142857142857,10,5612253.0
2017-04-30,42,32.22857142857143,25.2,27.985714285714288,83.39999999999999,10.868714285714287,7.737142857142857,10,5612253.0
2017-05-07,48,31.87142857142857,26.614285714285717,29.014285714285712,78.54285714285713,4.165142857142857,5.951428571428571,13,5612253.0
2017-05-14,48,31.928571428571427,26.485714285714288,29.0,79.22857142857143,2.579857142857143,5.3585714285714285,13,5612253.0
2017-05-21,50,32.51428571428571,27.085714285714285,29.428571428571427,79.14285714285714,6.055285714285715,8.334285714285715,13,5612253.0
2017-05-28,66,31.857142857142858,25.657142857142855,28.542857142857144,83.71428571428571,6.045714285714285,7.738571428571428,13,5612253.0
2017-06-04,62,32.871428571428574,26.442857142857143,29.32857142857143,77.02857142857144,8.453571428571427,4.761428571428572,11,5612253.0
2017-06-11,79,33.24285714285714,27.285714285714285,29.900000000000002,75.8,0.33314285714285713,3.5714285714285716,11,5612253.0
2017-06-18,73,32.81428571428571,26.357142857142858,29.057142857142857,76.45714285714287,4.985285714285714,8.928571428571429,11,5612253.0
2017-06-25,75,31.414285714285715,25.571428571428573,28.442857142857143,78.41428571428571,9.553285714285716,6.547142857142857,11,5612253.0
2017-07-02,63,31.185714285714283,25.942857142857143,28.285714285714285,79.57142857142857,0.8192857142857143,4.761428571428572,13,5612253.0
2017-07-09,53,31.3,25.642857142857142,28.342857142857145,77.72857142857143,4.825857142857143,5.952857142857143,13,5612253.0
2017-07-16,51,30.771428571428572,25.185714285714283,27.75714285714286,80.55714285714285,5.659285714285715,7.738571428571428,13,5612253.0
2017-07-23,66,32.31428571428571,26.928571428571427,29.3,73.95714285714287,0.0,0.0,13,5612253.0
2017-07-30,60,32.385714285714286,27.414285714285715,29.642857142857142,73.85714285714286,0.5041428571428571,1.7857142857142858,13,5612253.0
2017-08-06,56,32.714285714285715,27.3,29.67142857142857,72.71428571428571,0.9335714285714286,2.3814285714285717,11,5612253.0
2017-08-13,52,30.414285714285715,26.014285714285712,27.957142857142856,79.54285714285713,3.7968571428571427,8.927142857142858,11,5612253.0
2017-08-20,51,31.557142857142857,25.614285714285717,28.2,78.97142857142856,6.486857142857143,7.142857142857143,11,5612253.0
2017-08-27,33,31.371428571428574,27.057142857142857,28.842857142857145,75.84285714285714,1.9502857142857144,6.547142857142857,11,5612253.0
2017-09-03,40,31.74285714285714,27.071428571428573,28.928571428571427,75.88571428571429,0.8372857142857143,4.762857142857143,10,5612253.0
2017-09-10,53,31.785714285714285,26.842857142857145,28.657142857142855,78.3,5.912,10.715714285714286,10,5612253.0
2017-09-17,58,31.814285714285713,26.400000000000002,28.957142857142856,76.97142857142856,5.692428571428572,6.547142857142857,10,5612253.0
2017-09-24,39,31.842857142857145,25.571428571428573,28.214285714285715,78.07142857142857,5.832571428571428,11.308571428571428,10,5612253.0
2017-10-01,51,31.7,26.071428571428573,28.400000000000002,78.55714285714285,1.939857142857143,9.522857142857143,12,5612253.0
2017-10-08,55,31.928571428571427,25.557142857142857,27.914285714285715,81.35714285714286,5.6254285714285714,8.928571428571429,12,5612253.0
2017-10-15,62,32.72857142857143,25.52857142857143,28.97142857142857,75.72857142857143,6.982571428571428,9.522857142857143,12,5612253.0
2017-10-22,77,34.2,27.485714285714288,30.428571428571427,69.57142857142857,0.07442857142857141,1.1914285714285715,12,5612253.0
2017-10-29,62,32.05714285714286,26.114285714285717,28.157142857142855,80.54285714285713,5.6971428571428575,7.1414285714285715,12,5612253.0
2017-11-05,44,31.45714285714286,25.37142857142857,28.071428571428573,80.08571428571429,2.7911428571428574,8.332857142857142,11,5612253.0
2017-11-12,50,31.057142857142857,24.75714285714286,27.2,85.05714285714285,17.469857142857144,11.311428571428573,11,5612253.0
2017-11-19,24,31.900000000000002,25.285714285714285,28.04285714285714,81.31428571428572,12.063571428571427,8.334285714285715,11,5612253.0
2017-11-26,37,31.02857142857143,25.24285714285714,27.571428571428573,82.77142857142857,4.472714285714285,10.120000000000001,11,5612253.0
2017-12-03,33,32.214285714285715,26.12857142857143,28.414285714285715,77.75714285714285,3.0184285714285717,7.144285714285715,11,5612253.0
2017-12-10,40,31.628571428571426,25.8,27.900000000000002,80.14285714285714,7.863571428571428,7.735714285714286,11,5612253.0
2017-12-17,51,31.74285714285714,24.928571428571427,27.24285714285714,82.38571428571429,19.08985714285714,8.334285714285715,11,5612253.0
2017-12-24,66,31.32857142857143,25.685714285714287,27.785714285714285,75.10000000000001,7.868571428571428,5.952857142857143,11,5612253.0
2017-12-31,83,30.47142857142857,25.099999999999998,27.228571428571428,83.32857142857142,14.088,13.094285714285714,11,5612253.0
2018-01-07,68,29.385714285714283,25.0,26.599999999999998,86.65714285714286,17.50042857142857,10.120000000000001,11,5638676.0
2018-01-14,54,27.32857142857143,23.25714285714286,24.885714285714283,87.55714285714285,19.72585714285714,22.617142857142856,11,5638676.0
2018-01-21,45,31.47142857142857,24.62857142857143,27.2,79.04285714285713,3.5438571428571426,5.355714285714286,11,5638676.0
2018-01-28,48,31.571428571428573,25.342857142857145,27.542857142857144,80.41428571428571,4.407285714285714,6.547142857142857,11,5638676.0
2018-02-04,50,31.571428571428573,25.057142857142857,27.642857142857142,78.55714285714285,7.353285714285714,6.548571428571429,9,5638676.0
2018-02-11,28,30.599999999999998,24.24285714285714,26.87142857142857,71.35714285714286,0.0,0.0,9,5638676.0
2018-02-18,38,32.05714285714286,25.12857142857143,27.74285714285714,74.7,0.25457142857142856,1.7871428571428571,9,5638676.0
2018-02-25,51,31.814285714285713,25.342857142857145,27.87142857142857,76.52857142857144,0.2521428571428571,2.3814285714285717,9,5638676.0
2018-03-04,37,32.27142857142857,25.785714285714285,28.214285714285715,77.31428571428572,0.5031428571428572,2.9771428571428573,9,5638676.0
2018-03-11,37,31.24285714285714,25.685714285714287,28.142857142857142,77.88571428571429,3.0042857142857144,6.547142857142857,9,5638676.0
2018-03-18,36,32.785714285714285,26.25714285714286,28.900000000000002,73.74285714285715,0.43685714285714283,1.1914285714285715,9,5638676.0
2018-03-25,24,32.885714285714286,26.142857142857142,28.8,72.78571428571429,0.9321428571428572,2.3814285714285717,9,5638676.0
2018-04-01,38,31.82857142857143,24.985714285714288,27.400000000000002,80.89999999999999,3.476428571428571,9.524285714285714,8,5638676.0
2018-04-08,38,33.17142857142857,26.185714285714287,28.885714285714283,73.89999999999999,1.185142857142857,2.9771428571428573,8,5638676.0
2018-04-15,56,33.5,26.74285714285714,29.228571428571428,75.71428571428571,2.946,2.9757142857142855,8,5638676.0
2018-04-22,55,32.614285714285714,26.099999999999998,28.314285714285713,80.10000000000001,2.2698571428571426,7.144285714285715,8,5638676.0
2018-04-29,74,32.785714285714285,25.82857142857143,28.7,78.45714285714287,4.650857142857142,4.167142857142857,8,5638676.0
2018-05-06,62,32.714285714285715,26.585714285714285,28.914285714285715,78.61428571428571,3.9681428571428574,8.334285714285715,19,5638676.0
2018-05-13,63,33.17142857142857,27.7,30.014285714285712,72.07142857142857,1.33,2.9757142857142855,19,5638676.0
2018-05-20,64,32.32857142857143,26.32857142857143,28.428571428571427,80.12857142857142,1.7298571428571428,5.3585714285714285,19,5638676.0
2018-05-27,52,32.5,26.057142857142857,28.571428571428573,78.71428571428571,7.461428571428572,8.334285714285715,19,5638676.0
2018-06-03,75,31.3,25.271428571428572,28.24285714285714,79.68571428571428,15.23542857142857,8.928571428571429,12,5638676.0
2018-06-10,55,33.01428571428571,27.514285714285712,30.142857142857142,71.98571428571428,0.6624285714285715,2.3814285714285717,12,5638676.0
2018-06-17,59,32.01428571428571,27.0,29.271428571428572,76.5,1.8659999999999999,6.548571428571429,12,5638676.0
2018-06-24,75,30.514285714285712,25.3,27.814285714285713,81.41428571428571,5.719285714285715,7.144285714285715,12,5638676.0
2018-07-01,56,29.414285714285715,24.728571428571428,27.12857142857143,80.39999999999999,8.413714285714287,9.522857142857143,12,5638676.0
2018-07-08,44,31.5,26.185714285714287,28.62857142857143,76.15714285714286,7.988285714285714,2.9757142857142855,12,5638676.0
2018-07-15,41,31.38571428571429,26.157142857142855,28.842857142857145,76.24285714285715,7.506714285714286,4.762857142857143,12,5638676.0
2018-07-22,56,31.942857142857143,27.02857142857143,29.400000000000002,75.55714285714285,1.376,3.5714285714285716,12,5638676.0
2018-07-29,50,32.17142857142857,27.428571428571427,29.400000000000002,73.22857142857143,1.489857142857143,3.5728571428571434,12,5638676.0
2018-08-05,59,30.614285714285717,26.428571428571427,28.17142857142857,77.97142857142856,4.787428571428571,4.167142857142857,10,5638676.0
2018-08-12,42,31.900000000000002,27.02857142857143,29.057142857142857,74.58571428571429,1.019,2.9771428571428578,10,5638676.0
2018-08-19,66,32.67142857142857,27.7,29.74285714285714,71.62857142857142,0.47500000000000003,2.9771428571428573,10,5638676.0
2018-08-26,75,31.82857142857143,26.228571428571428,28.67142857142857,75.15714285714286,8.836428571428572,4.762857142857143,10,5638676.0
2018-09-02,75,31.585714285714285,26.585714285714285,28.514285714285712,75.61428571428571,2.3675714285714284,6.547142857142857,10,5638676.0
2018-09-09,49,29.685714285714287,24.542857142857144,27.285714285714285,81.5,14.193714285714288,9.522857142857143,10,5638676.0
2018-09-16,63,31.02857142857143,26.25714285714286,28.342857142857145,74.01428571428572,0.43457142857142855,2.3814285714285717,10,5638676.0
2018-09-23,40,31.514285714285712,25.085714285714285,27.599999999999998,78.34285714285714,6.059714285714286,4.761428571428572,10,5638676.0
2018-09-30,51,32.9,27.042857142857144,29.599999999999998,71.98571428571428,0.0037142857142857142,0.5957142857142858,10,5638676.0
2018-10-07,51,32.971428571428575,27.357142857142858,29.62857142857143,72.2,3.202285714285714,4.167142857142857,9,5638676.0
2018-10-14,60,30.357142857142858,24.67142857142857,26.900000000000002,85.54285714285713,23.019571428571428,14.879999999999999,9,5638676.0
2018-10-21,78,32.114285714285714,25.74285714285714,28.457142857142856,77.3,5.024714285714286,5.357142857142857,9,5638676.0
2018-10-28,75,32.07142857142857,25.24285714285714,28.214285714285715,79.88571428571429,1.9887142857142857,5.952857142857143,9,5638676.0
2018-11-04,71,31.300000000000004,25.74285714285714,27.714285714285715,82.98571428571428,2.2115714285714287,8.334285714285715,11,5638676.0
2018-11-11,78,32.114285714285714,25.385714285714283,27.814285714285713,82.72857142857143,5.2258571428571425,10.715714285714286,11,5638676.0
2018-11-18,97,31.214285714285715,24.900000000000002,27.714285714285715,82.87142857142858,6.8665714285714285,10.714285714285714,11,5638676.0
2018-11-25,109,31.77142857142857,24.95714285714286,27.957142857142856,81.58571428571429,6.564,8.334285714285715,11,5638676.0
2018-12-02,114,31.25714285714286,25.47142857142857,27.942857142857143,83.3,6.480571428571428,12.5,14,5638676.0
2018-12-09,107,31.485714285714288,25.957142857142856,28.042857142857144,83.57142857142857,2.0975714285714284,8.334285714285715,14,5638676.0
2018-12-16,127,31.071428571428573,25.37142857142857,27.442857142857143,84.14285714285714,12.225571428571428,7.142857142857143,14,5638676.0
2018-12-23,160,32.471428571428575,25.97142857142857,28.228571428571428,80.17142857142858,3.352857142857143,6.547142857142857,14,5638676.0
2018-12-30,205,32.51428571428572,26.142857142857142,28.942857142857143,75.58571428571429,2.3841428571428573,2.9757142857142855,14,5638676.0
2019-01-06,245,32.528571428571425,26.485714285714288,29.042857142857144,75.07142857142857,5.450857142857144,2.9757142857142855,18,5703569.0
2019-01-13,207,32.27142857142857,26.24285714285714,28.7,76.24285714285715,0.7284285714285714,1.7857142857142858,18,5703569.0
2019-01-20,221,31.62857142857143,25.914285714285715,28.042857142857144,77.74285714285715,7.632857142857143,5.357142857142857,18,5703569.0
2019-01-27,179,31.214285714285715,26.014285714285712,28.099999999999998,74.37142857142858,0.21714285714285714,1.7871428571428571,18,5703569.0
2019-02-03,135,31.62857142857143,26.014285714285712,28.3,77.38571428571429,0.24828571428571428,4.761428571428572,20,5703569.0
2019-02-10,232,33.1,25.957142857142856,28.814285714285713,74.65714285714286,0.05642857142857143,0.5957142857142858,20,5703569.0
2019-02-17,181,32.785714285714285,25.87142857142857,28.614285714285717,72.54285714285714,1.2411428571428573,1.7857142857142858,20,5703569.0
2019-02-24,156,32.51428571428571,25.47142857142857,28.428571428571427,75.72857142857143,2.9085714285714284,3.5714285714285716,20,5703569.0
2019-03-03,133,32.785714285714285,26.185714285714287,28.7,73.72857142857143,0.10014285714285713,1.1914285714285715,14,5703569.0
2019-03-10,109,33.6,26.67142857142857,29.385714285714283,72.32857142857142,0.6251428571428571,1.1914285714285715,14,5703569.0
2019-03-17,96,33.72857142857143,25.771428571428572,29.114285714285717,71.98571428571428,3.8442857142857143,2.38,14,5703569.0
2019-03-24,99,33.82857142857143,26.085714285714285,29.157142857142855,72.64285714285714,1.9975714285714286,1.7871428571428571,14,5703569.0
2019-03-31,108,33.1,26.37142857142857,29.17142857142857,76.60000000000001,5.844714285714285,3.5714285714285716,14,5703569.0
2019-04-07,125,32.714285714285715,25.771428571428572,28.728571428571428,75.54285714285713,7.456857142857143,5.952857142857143,16,5703569.0
2019-04-14,134,32.9,26.900000000000002,29.157142857142855,77.55714285714285,6.072,4.762857142857143,16,5703569.0
2019-04-21,156,33.81428571428571,27.285714285714285,30.071428571428573,75.27142857142857,4.2584285714285715,4.761428571428572,16,5703569.0
2019-04-28,192,31.842857142857145,26.599999999999998,28.67142857142857,81.62857142857142,8.706142857142858,7.144285714285715,16,5703569.0
2019-05-05,287,32.58571428571428,27.0,29.314285714285713,80.65714285714286,2.1774285714285715,4.762857142857143,20,5703569.0
2019-05-12,307,33.01428571428571,26.614285714285717,29.914285714285715,76.75714285714285,4.414857142857143,5.951428571428571,20,5703569.0
2019-05-19,376,32.142857142857146,26.82857142857143,29.285714285714285,79.41428571428571,3.082142857142857,4.762857142857143,20,5703569.0
2019-05-26,400,32.528571428571425,27.657142857142855,29.642857142857142,76.14285714285714,3.1997142857142857,5.357142857142857,20,5703569.0
2019-06-02,396,32.5,27.37142857142857,29.457142857142856,77.84285714285714,3.6604285714285716,6.548571428571429,34,5703569.0
2019-06-09,464,30.442857142857143,26.099999999999998,27.985714285714288,84.54285714285713,7.252142857142857,8.335714285714285,34,5703569.0
2019-06-16,430,31.87142857142857,27.385714285714283,29.285714285714285,79.52857142857142,3.753571428571429,7.738571428571428,34,5703569.0
2019-06-23,492,31.314285714285713,26.32857142857143,28.457142857142856,82.05714285714285,8.138428571428571,8.928571428571429,34,5703569.0
2019-06-30,591,32.08571428571428,27.642857142857142,29.428571428571427,77.39999999999999,3.7064285714285714,3.5714285714285716,34,5703569.0
2019-07-07,661,32.27142857142857,28.114285714285717,29.685714285714287,75.81428571428572,1.462,3.5714285714285716,48,5703569.0
2019-07-14,644,32.08571428571428,27.02857142857143,29.271428571428572,75.55714285714285,0.2962857142857143,3.5714285714285716,48,5703569.0
2019-07-21,601,31.599999999999998,26.928571428571427,29.142857142857142,73.2,0.492,1.7857142857142858,48,5703569.0
2019-07-28,597,31.914285714285715,27.057142857142857,29.071428571428573,74.7,1.968,5.357142857142857,48,5703569.0
2019-08-04,521,32.528571428571425,27.62857142857143,29.75714285714286,69.45714285714286,0.0074285714285714285,1.19,41,5703569.0
2019-08-11,522,31.957142857142856,27.75714285714286,29.542857142857144,72.64285714285714,0.44642857142857145,2.3814285714285717,41,5703569.0
2019-08-18,474,32.98571428571429,27.814285714285713,29.87142857142857,71.54285714285714,0.15057142857142855,1.7857142857142858,41,5703569.0
2019-08-25,412,33.01428571428571,27.842857142857145,29.771428571428572,70.38571428571429,0.8162857142857144,2.9771428571428573,41,5703569.0
2019-09-01,326,31.37142857142857,26.400000000000002,28.599999999999998,75.35714285714286,1.0932857142857144,4.167142857142857,29,5703569.0
2019-09-08,314,33.01428571428571,27.271428571428572,29.7,72.24285714285715,0.007571428571428571,0.5957142857142858,29,5703569.0
2019-09-15,299,32.42857142857143,27.37142857142857,29.47142857142857,72.9,0.16942857142857143,0.5957142857142858,29,5703569.0
2019-09-22,258,32.771428571428565,27.342857142857145,29.542857142857144,70.74285714285715,0.0,0.0,29,5703569.0
2019-09-29,243,32.5,26.228571428571428,28.942857142857143,75.72857142857143,3.6844285714285716,6.548571428571429,29,5703569.0
2019-10-06,226,31.571428571428573,25.114285714285717,27.97142857142857,77.55714285714285,3.9434285714285715,9.522857142857143,22,5703569.0
2019-10-13,239,32.371428571428574,25.97142857142857,28.571428571428573,77.62857142857142,3.188285714285714,7.144285714285714,22,5703569.0
2019-10-20,241,32.957142857142856,26.914285714285715,29.24285714285714,75.47142857142856,1.3032857142857142,6.548571428571429,22,5703569.0
2019-10-27,306,31.842857142857145,25.47142857142857,28.085714285714285,80.5,17.63528571428571,9.521428571428572,22,5703569.0
2019-11-03,321,32.285714285714285,25.928571428571427,28.571428571428573,75.97142857142856,5.297857142857143,7.738571428571428,27,5703569.0
2019-11-10,372,32.871428571428574,26.3,29.214285714285715,73.97142857142856,1.1774285714285713,2.9771428571428573,27,5703569.0
2019-11-17,329,31.985714285714288,26.357142857142858,28.585714285714285,78.11428571428571,1.3030000000000002,4.762857142857143,27,5703569.0
2019-11-24,295,31.271428571428572,25.514285714285712,27.342857142857145,83.3,3.7351428571428573,7.738571428571428,27,5703569.0
2019-12-01,280,32.1,25.7,28.057142857142857,82.7,12.77057142857143,5.951428571428572,20,5703569.0
2019-12-08,257,30.8,26.02857142857143,27.914285714285715,76.94285714285715,8.215142857142856,3.5714285714285716,20,5703569.0
2019-12-15,226,27.314285714285713,23.900000000000002,25.485714285714288,89.58571428571429,40.503571428571426,22.62,20,5703569.0
2019-12-22,290,30.071428571428573,25.014285714285712,26.985714285714288,84.41428571428571,6.926,7.737142857142857,20,5703569.0
2019-12-29,302,31.342857142857145,25.557142857142857,27.842857142857145,77.25714285714285,0.6357142857142856,1.1914285714285715,20,5703569.0
2020-01-05,342,31.642857142857142,26.142857142857142,28.25714285714286,75.98571428571428,0.271,4.167142857142857,27,5685807.0
2020-01-12,402,31.5,25.357142857142858,27.74285714285714,78.89999999999999,2.641428571428571,5.954285714285715,27,5685807.0
2020-01-19,307,32.128571428571426,25.67142857142857,28.271428571428572,76.04285714285713,0.0037142857142857142,0.5957142857142858,27,5685807.0
2020-01-26,370,31.7,25.642857142857142,28.157142857142855,78.07142857142857,2.5972857142857144,4.762857142857143,27,5685807.0
2020-02-02,400,31.67142857142857,25.82857142857143,28.085714285714285,79.05714285714285,8.71942857142857,5.355714285714286,37,5685807.0
2020-02-09,378,31.72857142857143,25.385714285714283,28.042857142857144,73.55714285714285,1.6767142857142858,2.3814285714285717,37,5685807.0
2020-02-16,380,32.1,25.47142857142857,28.142857142857142,80.54285714285713,4.547857142857143,3.5714285714285716,37,5685807.0
2020-02-23,373,31.571428571428573,25.82857142857143,28.185714285714283,77.37142857142858,2.658428571428572,8.334285714285715,37,5685807.0
2020-03-01,375,32.214285714285715,25.87142857142857,28.485714285714288,75.48571428571428,0.5714285714285714,1.7857142857142858,29,5685807.0
2020-03-08,389,32.628571428571426,26.442857142857143,28.7,78.28571428571429,5.111571428571429,3.5700000000000003,29,5685807.0
2020-03-15,367,33.971428571428575,26.585714285714285,29.428571428571427,76.58571428571429,0.0,0.0,29,5685807.0
2020-03-22,377,32.58571428571428,26.52857142857143,28.885714285714283,75.25714285714285,6.686857142857143,5.357142857142857,29,5685807.0
2020-03-29,315,33.15714285714286,26.185714285714287,29.014285714285712,77.34285714285714,3.401,2.9757142857142855,29,5685807.0
2020-04-05,341,33.885714285714286,26.442857142857143,29.471428571428568,75.22857142857143,8.343142857142857,3.5700000000000003,22,5685807.0
2020-04-12,360,33.0,25.928571428571427,28.985714285714288,77.58571428571429,3.956571428571429,4.762857142857143,22,5685807.0
2020-04-19,399,33.94285714285714,27.228571428571428,29.885714285714283,73.22857142857143,0.0,0.0,22,5685807.0
2020-04-26,390,32.92857142857143,27.042857142857144,29.157142857142855,78.62857142857142,1.832,6.547142857142857,22,5685807.0
2020-05-03,502,32.028571428571425,26.228571428571428,28.414285714285715,82.02857142857144,15.579714285714285,11.308571428571428,29,5685807.0
2020-05-10,524,32.642857142857146,26.5,29.271428571428572,79.04285714285713,13.270428571428571,5.951428571428571,29,5685807.0
2020-05-17,618,32.7,27.02857142857143,29.642857142857142,78.22857142857143,9.98,7.144285714285714,29,5685807.0
2020-05-24,731,32.528571428571425,26.52857142857143,29.17142857142857,79.78571428571429,5.849285714285714,7.74,29,5685807.0
2020-05-31,868,33.142857142857146,26.928571428571427,29.342857142857145,79.60000000000001,3.8601428571428573,7.738571428571428,29,5685807.0
2020-06-07,1151,31.285714285714285,25.942857142857143,28.5,80.02857142857144,15.011714285714286,11.308571428571428,73,5685807.0
2020-06-14,1369,31.814285714285713,26.385714285714283,28.67142857142857,81.05714285714285,5.464857142857142,7.738571428571428,73,5685807.0
2020-06-21,1460,29.985714285714288,26.042857142857144,27.814285714285713,84.42857142857143,7.122142857142857,13.69,73,5685807.0
2020-06-28,1444,29.914285714285715,25.842857142857145,27.942857142857143,82.5,5.934714285714286,6.548571428571429,73,5685807.0
2020-07-05,1665,31.74285714285714,27.228571428571428,29.17142857142857,76.44285714285715,2.940142857142857,2.9757142857142855,73,5685807.0
2020-07-12,1725,30.414285714285715,26.099999999999998,27.814285714285713,80.5,5.397,9.522857142857143,73,5685807.0
2020-07-19,1791,30.942857142857143,26.057142857142857,28.02857142857143,80.21428571428571,3.268,6.548571428571429,73,5685807.0
2020-07-26,1376,31.042857142857144,26.042857142857144,28.271428571428572,79.10000000000001,7.607428571428572,10.120000000000001,73,5685807.0
2020-08-02,1667,30.728571428571428,25.8,28.099999999999998,80.14285714285714,5.905428571428572,8.927142857142856,60,5685807.0
2020-08-09,1336,32.285714285714285,27.414285714285715,29.614285714285717,75.52857142857144,0.6201428571428572,0.5957142857142858,60,5685807.0
2020-08-16,1285,31.2,26.17142857142857,28.571428571428573,78.5,6.662428571428571,6.55,60,5685807.0
2020-08-23,1153,30.62857142857143,25.657142857142855,27.771428571428572,81.17142857142858,5.597428571428572,10.714285714285714,60,5685807.0
2020-08-30,937,31.342857142857145,25.885714285714283,28.185714285714287,77.65714285714286,3.1064285714285718,6.548571428571429,60,5685807.0
2020-09-06,725,30.25714285714286,26.285714285714285,27.74285714285714,81.85714285714286,9.907571428571428,11.308571428571428,35,5685807.0
2020-09-13,671,30.785714285714285,25.47142857142857,27.714285714285715,80.39999999999999,4.26,8.930000000000001,35,5685807.0
2020-09-20,590,31.642857142857142,25.12857142857143,28.12857142857143,78.2,3.692285714285714,6.548571428571429,35,5685807.0
2020-09-27,605,30.885714285714283,25.185714285714287,27.8,80.38571428571429,5.0161428571428575,8.928571428571429,35,5685807.0
2020-10-04,528,31.057142857142857,25.857142857142858,28.157142857142855,79.17142857142858,1.7710000000000001,6.548571428571429,24,5685807.0
2020-10-11,591,31.385714285714283,25.97142857142857,28.52857142857143,76.78571428571429,3.5348571428571427,5.952857142857143,24,5685807.0
2020-10-18,563,32.128571428571426,26.32857142857143,29.228571428571428,74.37142857142858,1.1988571428571428,5.355714285714286,24,5685807.0
2020-10-25,440,31.642857142857142,26.142857142857142,28.714285714285715,77.41428571428571,3.8850000000000002,5.952857142857143,24,5685807.0
2020-11-01,408,31.72857142857143,26.12857142857143,28.557142857142857,79.12857142857142,2.4954285714285716,5.357142857142857,16,5685807.0
2020-11-08,354,30.571428571428573,25.057142857142857,27.357142857142858,82.98571428571428,17.918714285714284,8.334285714285715,16,5685807.0
2020-11-15,258,32.0,25.928571428571427,28.428571428571427,80.01428571428572,4.933142857142856,7.738571428571428,16,5685807.0
2020-11-22,279,32.17142857142857,25.428571428571427,27.785714285714285,81.37142857142858,6.526571428571429,8.927142857142858,16,5685807.0
2020-11-29,228,29.642857142857142,25.071428571428573,26.97142857142857,84.2,2.777,9.525714285714287,16,5685807.0
2020-12-06,227,32.01428571428571,25.67142857142857,27.885714285714283,80.44285714285715,4.707714285714286,6.547142857142857,12,5685807.0
2020-12-13,236,32.22857142857143,24.97142857142857,27.75714285714286,78.91428571428571,18.399,9.525714285714287,12,5685807.0
2020-12-20,196,30.171428571428574,24.614285714285717,26.74285714285714,83.78571428571429,8.203857142857142,11.31,12,5685807.0
2020-12-27,193,31.728571428571428,25.099999999999998,27.728571428571428,81.38571428571429,5.483,4.761428571428572,12,5685807.0
2021-01-03,194,28.82857142857143,24.042857142857144,26.0,83.67142857142858,48.82614285714286,14.287142857142857,10,5453566.0
2021-01-10,165,28.142857142857142,24.314285714285713,25.785714285714285,87.65714285714286,36.69285714285714,16.665714285714284,10,5453566.0
2021-01-17,151,29.62857142857143,24.285714285714285,26.428571428571427,81.94285714285715,2.799857142857143,10.120000000000001,10,5453566.0
2021-01-24,135,30.3,24.142857142857142,26.5,77.35714285714286,3.981857142857143,2.9757142857142855,10,5453566.0
2021-01-31,141,30.557142857142857,24.542857142857144,27.0,78.04285714285713,1.7068571428571429,4.761428571428572,10,5453566.0
2021-02-07,142,31.5,24.942857142857143,27.485714285714288,74.10000000000001,0.011285714285714286,0.5957142857142858,10,5453566.0
2021-02-14,148,31.457142857142856,25.12857142857143,27.52857142857143,76.37142857142858,0.5571428571428572,12.5,10,5453566.0
2021-02-21,145,30.985714285714288,24.357142857142858,27.114285714285717,69.77142857142857,2.8428571428571425,20.83285714285714,10,5453566.0
2021-02-28,139,32.17142857142857,24.442857142857143,27.7,71.78571428571429,0.8285714285714285,0.5957142857142858,10,5453566.0
2021-03-07,145,33.07142857142857,25.357142857142858,28.5,73.34285714285714,4.7374285714285715,2.3814285714285717,11,5453566.0
2021-03-14,129,32.31428571428571,24.82857142857143,27.82857142857143,74.55714285714285,2.210142857142857,4.167142857142857,11,5453566.0
2021-03-21,120,32.45714285714286,25.32857142857143,27.914285714285715,78.77142857142857,2.7234285714285713,2.9785714285714286,11,5453566.0
2021-03-28,113,31.842857142857145,25.085714285714285,27.67142857142857,79.84285714285714,7.828142857142857,8.928571428571429,11,5453566.0
2021-04-04,102,32.65714285714286,24.985714285714288,28.228571428571428,78.88571428571429,14.926428571428572,9.522857142857143,10,5453566.0
2021-04-11,112,33.17142857142857,25.428571428571427,28.47142857142857,77.18571428571428,8.461,4.761428571428572,10,5453566.0
2021-04-18,128,32.05714285714286,24.47142857142857,27.599999999999998,81.39999999999999,18.530285714285718,8.334285714285715,10,5453566.0
2021-04-25,84,31.614285714285717,25.37142857142857,28.185714285714287,77.62857142857142,5.886857142857143,5.3585714285714285,10,5453566.0
2021-05-02,117,32.24285714285714,25.657142857142855,28.385714285714283,80.64285714285714,1.9162857142857141,4.167142857142857,10,5453566.0
2021-05-09,92,31.842857142857145,26.157142857142855,28.37142857142857,80.18571428571428,3.912714285714286,5.952857142857143,10,5453566.0
2021-05-16,116,32.31428571428571,26.157142857142855,28.74285714285714,80.97142857142856,13.371285714285715,8.334285714285715,10,5453566.0
2021-05-23,130,31.142857142857142,25.385714285714283,28.114285714285717,82.2,10.798714285714286,7.737142857142857,10,5453566.0
2021-05-30,118,32.58571428571428,27.014285714285712,29.24285714285714,77.08571428571429,5.0561428571428575,3.5728571428571425,10,5453566.0
2021-06-06,137,32.542857142857144,26.7,29.285714285714285,78.48571428571428,0.5341428571428571,4.762857142857143,11,5453566.0
2021-06-13,135,31.67142857142857,25.885714285714283,28.771428571428572,76.62857142857142,3.315714285714286,7.738571428571428,11,5453566.0
2021-06-20,126,31.657142857142855,25.12857142857143,27.900000000000002,79.81428571428572,6.037428571428571,5.357142857142857,11,5453566.0
2021-06-27,112,31.585714285714285,25.057142857142857,28.157142857142855,78.0,3.076,5.357142857142857,11,5453566.0
2021-07-04,104,31.3,25.542857142857144,28.214285714285715,78.47142857142858,6.02642857142857,8.928571428571429,11,5453566.0
2021-07-11,75,30.657142857142855,25.442857142857143,27.742857142857144,81.74285714285715,5.601285714285715,8.334285714285715,11,5453566.0
2021-07-18,80,30.914285714285715,25.37142857142857,27.885714285714283,78.91428571428571,14.971857142857145,7.142857142857143,11,5453566.0
2021-07-25,82,32.8,26.62857142857143,29.514285714285712,73.51428571428572,0.38499999999999995,1.7857142857142858,11,5453566.0
2021-08-01,70,32.114285714285714,26.542857142857144,29.442857142857143,71.61428571428571,4.154,2.38,9,5453566.0
2021-08-08,81,31.771428571428572,25.342857142857145,28.32857142857143,78.57142857142857,1.631142857142857,6.545714285714285,9,5453566.0
2021-08-15,56,31.714285714285715,25.857142857142858,28.428571428571427,77.28571428571429,3.8352857142857144,7.1414285714285715,9,5453566.0
2021-08-22,53,29.928571428571427,24.428571428571427,26.842857142857145,82.42857142857143,16.480857142857143,13.095714285714285,9,5453566.0
2021-08-29,46,30.071428571428573,24.571428571428573,27.099999999999998,82.42857142857143,7.011857142857143,7.141428571428571,9,5453566.0
2021-09-05,60,30.9,24.657142857142855,27.428571428571427,80.38571428571429,19.679857142857145,11.308571428571428,10,5453566.0
2021-09-12,74,31.52857142857143,25.614285714285717,28.414285714285715,74.10000000000001,8.258571428571429,5.952857142857143,10,5453566.0
2021-09-19,109,31.071428571428573,26.2,28.385714285714283,77.07142857142857,2.047285714285714,5.3585714285714285,10,5453566.0
2021-09-26,105,31.97142857142857,25.87142857142857,28.728571428571428,75.08571428571429,3.4035714285714285,4.761428571428572,10,5453566.0
2021-10-03,104,30.557142857142857,24.557142857142857,27.085714285714285,83.51428571428572,17.286714285714286,8.928571428571429,9,5453566.0
2021-10-10,85,32.17142857142857,26.571428571428573,29.3,73.15714285714286,4.513142857142857,4.167142857142857,9,5453566.0
2021-10-17,76,32.871428571428574,26.614285714285717,29.542857142857144,73.78571428571429,2.531428571428571,4.168571428571428,9,5453566.0
2021-10-24,75,31.75714285714286,24.957142857142856,27.428571428571427,81.97142857142856,7.353285714285714,8.334285714285715,9,5453566.0
2021-10-31,59,31.8,25.685714285714287,28.357142857142858,77.84285714285714,5.134,8.930000000000001,9,5453566.0
2021-11-07,42,31.457142857142856,24.814285714285713,26.857142857142858,86.37142857142858,15.417,13.095714285714285,6,5453566.0
2021-11-14,56,30.900000000000002,24.5,27.385714285714283,82.61428571428571,6.122571428571428,11.907142857142858,6,5453566.0
2021-11-21,63,31.428571428571427,24.857142857142858,27.74285714285714,81.51428571428572,9.621714285714287,8.928571428571429,6,5453566.0
2021-11-28,48,31.314285714285713,24.67142857142857,27.52857142857143,80.02857142857144,12.110714285714286,7.738571428571428,6,5453566.0
2021-12-05,64,31.514285714285712,25.685714285714283,28.414285714285715,72.32857142857144,1.9592857142857143,2.9771428571428573,6,5453566.0
2021-12-12,61,31.114285714285717,25.571428571428573,27.685714285714287,77.01428571428572,2.0082857142857145,4.762857142857143,6,5453566.0
2021-12-19,68,31.342857142857145,25.37142857142857,27.87142857142857,77.18571428571428,9.84442857142857,12.5,6,5453566.0
2021-12-26,79,31.428571428571427,25.7,27.842857142857145,80.72857142857143,2.204857142857143,6.547142857142857,6,5453566.0
2022-01-02,106,29.814285714285713,24.728571428571428,26.842857142857145,83.24285714285715,11.229571428571429,22.62,9,5637022.0
2022-01-09,146,31.728571428571428,25.12857142857143,27.614285714285717,78.67142857142858,1.5544285714285713,10.120000000000001,9,5637022.0
2022-01-16,178,32.114285714285714,25.214285714285715,28.0,70.64285714285714,0.0,0.0,9,5637022.0
2022-01-23,169,31.657142857142855,25.142857142857142,27.771428571428572,73.48571428571428,0.8967142857142857,4.761428571428572,9,5637022.0
2022-01-30,153,32.9,25.099999999999998,28.17142857142857,71.45714285714286,0.4961428571428571,0.5957142857142858,9,5637022.0
2022-02-06,168,32.114285714285714,25.5,28.12857142857143,75.25714285714285,2.5384285714285713,9.524285714285714,10,5637022.0
2022-02-13,206,30.0,24.342857142857145,26.400000000000002,82.92857142857143,10.56557142857143,23.212857142857143,10,5637022.0
2022-02-20,200,31.685714285714287,24.87142857142857,27.75714285714286,78.89999999999999,4.8395714285714275,10.118571428571428,10,5637022.0
2022-02-27,263,30.685714285714287,24.67142857142857,27.2,79.02857142857144,5.980714285714286,8.332857142857142,10,5637022.0
2022-03-06,369,32.285714285714285,24.657142857142855,27.599999999999998,79.98571428571428,3.4411428571428573,8.334285714285715,17,5637022.0
2022-03-13,421,32.41428571428572,25.142857142857142,28.057142857142857,78.10000000000001,1.6742857142857144,5.952857142857143,17,5637022.0
2022-03-20,441,32.357142857142854,25.771428571428572,28.24285714285714,77.81428571428572,7.183857142857143,8.334285714285715,17,5637022.0
2022-03-27,510,33.042857142857144,25.285714285714285,28.37142857142857,78.07142857142857,8.027857142857142,8.927142857142858,17,5637022.0
2022-04-03,642,32.52857142857143,24.771428571428572,28.02857142857143,79.74285714285715,6.932142857142857,8.334285714285715,32,5637022.0
2022-04-10,733,31.085714285714285,24.599999999999998,27.3,81.01428571428572,2.5244285714285715,4.762857142857143,32,5637022.0
2022-04-17,942,31.685714285714287,24.842857142857145,28.228571428571428,79.77142857142857,14.326857142857145,8.928571428571429,32,5637022.0
2022-04-24,1002,32.128571428571426,25.185714285714287,27.97142857142857,81.17142857142858,6.423714285714285,10.120000000000001,32,5637022.0
2022-05-01,845,32.471428571428575,25.785714285714285,28.3,82.4,6.0851428571428565,7.142857142857143,49,5637022.0
2022-05-08,1311,31.514285714285712,25.614285714285717,28.642857142857142,78.15714285714286,1.3024285714285715,9.522857142857143,49,5637022.0
2022-05-15,1273,33.1,26.414285714285715,29.47142857142857,76.47142857142856,4.457428571428571,6.547142857142857,49,5637022.0
2022-05-22,1563,32.528571428571425,26.142857142857142,28.75714285714286,78.12857142857142,3.665142857142857,2.9757142857142855,49,5637022.0
2022-05-29,1451,33.52857142857143,25.914285714285715,29.271428571428572,73.3,7.595714285714285,5.952857142857143,49,5637022.0
2022-06-05,1459,32.3,26.014285714285712,28.814285714285713,77.22857142857143,8.62042857142857,8.334285714285715,58,5637022.0
2022-06-12,1253,31.214285714285715,25.3,27.7,81.0,9.989714285714285,10.120000000000001,58,5637022.0
2022-06-19,1171,31.085714285714285,24.914285714285715,27.642857142857142,80.34285714285714,1.7227142857142856,8.334285714285715,58,5637022.0
2022-06-26,1186,29.8,25.32857142857143,27.37142857142857,80.91428571428571,5.630285714285714,9.522857142857143,58,5637022.0
2022-07-03,1164,31.728571428571428,25.842857142857145,28.642857142857142,73.44285714285715,1.9419999999999997,4.762857142857143,49,5637022.0
2022-07-10,918,31.657142857142855,25.82857142857143,28.514285714285712,75.97142857142856,3.3524285714285718,7.737142857142857,49,5637022.0
2022-07-17,1035,31.914285714285715,26.657142857142855,29.057142857142857,74.88571428571429,3.737714285714286,2.9757142857142855,49,5637022.0
2022-07-24,1092,31.814285714285713,25.657142857142855,28.3,78.89999999999999,3.1592857142857147,4.1657142857142855,49,5637022.0
2022-07-31,894,31.385714285714283,25.599999999999998,28.099999999999998,78.68571428571428,6.059142857142858,11.904285714285715,49,5637022.0
2022-08-07,879,30.657142857142855,25.342857142857145,27.67142857142857,78.44285714285715,2.707142857142857,8.334285714285715,35,5637022.0
2022-08-14,679,32.22857142857143,26.7,29.228571428571428,72.9,4.411714285714285,4.762857142857143,35,5637022.0
2022-08-21,661,31.342857142857145,25.82857142857143,28.3,76.89999999999999,3.529571428571429,6.547142857142857,35,5637022.0
2022-08-28,577,30.285714285714285,25.0,27.114285714285717,82.15714285714286,8.229285714285714,19.047142857142855,35,5637022.0
2022-09-04,569,30.87142857142857,25.75714285714286,27.67142857142857,79.61428571428571,1.3344285714285713,10.118571428571428,28,5637022.0
2022-09-11,544,30.8,25.771428571428572,27.728571428571428,77.98571428571428,3.9794285714285715,8.334285714285715,28,5637022.0
2022-09-18,472,30.571428571428573,25.071428571428573,27.771428571428572,76.39999999999999,1.6540000000000001,2.3814285714285717,28,5637022.0
2022-09-25,426,30.457142857142856,24.52857142857143,27.714285714285715,77.04285714285713,3.0611428571428574,4.762857142857143,28,5637022.0
2022-10-02,397,31.814285714285713,25.071428571428573,28.12857142857143,76.82857142857142,11.764142857142856,3.5728571428571425,23,5637022.0
2022-10-09,376,30.25714285714286,24.614285714285717,26.74285714285714,83.74285714285715,3.067,10.118571428571428,23,5637022.0
2022-10-16,373,31.157142857142862,24.82857142857143,27.82857142857143,75.77142857142857,4.385571428571429,10.715714285714286,23,5637022.0
2022-10-23,313,31.185714285714287,25.142857142857142,27.857142857142858,78.28571428571429,4.728428571428572,10.118571428571428,23,5637022.0
2022-10-30,317,31.771428571428572,24.942857142857143,27.75714285714286,76.82857142857142,5.755142857142857,6.548571428571429,23,5637022.0
2022-11-06,294,30.514285714285716,24.52857142857143,27.32857142857143,80.31428571428572,11.609,9.524285714285714,15,5637022.0
2022-11-13,312,30.82857142857143,24.47142857142857,26.542857142857144,85.54285714285713,16.024285714285714,13.097142857142858,15,5637022.0
2022-11-20,265,31.12857142857143,24.585714285714285,27.685714285714287,78.01428571428572,5.565428571428572,10.118571428571428,15,5637022.0
2022-11-27,242,31.685714285714287,25.0,28.185714285714287,75.68571428571428,3.002,6.549999999999999,15,5637022.0
2022-12-04,326,31.214285714285715,24.25714285714286,26.942857142857143,83.08571428571429,5.068428571428571,11.308571428571428,16,5637022.0
2022-12-11,289,30.114285714285717,24.528571428571432,26.657142857142855,84.17142857142858,8.858714285714285,8.930000000000001,16,5637022.0
2022-12-18,270,29.82857142857143,24.428571428571427,26.428571428571427,85.62857142857142,8.573285714285714,14.881428571428572,16,5637022.0
2022-12-25,285,30.3,24.47142857142857,26.728571428571428,80.3,1.3800000000000001,5.355714285714285,16,5637022.0
